PARAMETER,Scenario,REGION,TECHNOLOGY,FUEL,EMISSION,MODE_OF_OPERATION,YEAR,TIMESLICE,SEASON,DAYTYPE,DAILYTIMEBRACKET,STORAGE,Value
TotalAnnualMinCapacityInvestment,PLANDEACCION,ECU,ENE_TERM,,,,2010,,,,,,
TotalAnnualMinCapacityInvestment,PLANDEACCION,ECU,ENE_TERM,,,,2011,,,,,,
TotalAnnualMinCapacityInvestment,PLANDEACCION,ECU,ENE_TERM,,,,2012,,,,,,
TotalAnnualMinCapacityInvestment,PLANDEACCION,ECU,ENE_TERM,,,,2013,,,,,,
TotalAnnualMinCapacityInvestment,PLANDEACCION,ECU,ENE_TERM,,,,2014,,,,,,
TotalAnnualMinCapacityInvestment,PLANDEACCION,ECU,ENE_TERM,,,,2015,,,,,,
TotalAnnualMinCapacityInvestment,PLANDEACCION,ECU,ENE_TERM,,,,2016,,,,,,
TotalAnnualMinCapacityInvestment,PLANDEACCION,ECU,ENE_TERM,,,,2017,,,,,,
TotalAnnualMinCapacityInvestment,PLANDEACCION,ECU,ENE_TERM,,,,2018,,,,,,
TotalAnnualMinCapacityInvestment,PLANDEACCION,ECU,ENE_TERM,,,,2019,,,,,,
TotalAnnualMinCapacityInvestment,PLANDEACCION,ECU,ENE_TERM,,,,2020,,,,,,
TotalAnnualMinCapacityInvestment,PLANDEACCION,ECU,ENE_TERM,,,,2021,,,,,,
TotalAnnualMinCapacityInvestment,PLANDEACCION,ECU,ENE_TERM,,,,2022,,,,,,
TotalAnnualMinCapacityInvestment,PLANDEACCION,ECU,ENE_TERM,,,,2023,,,,,,
TotalAnnualMinCapacityInvestment,PLANDEACCION,ECU,ENE_TERM,,,,2024,,,,,,
TotalAnnualMinCapacityInvestment,PLANDEACCION,ECU,ENE_TERM,,,,2025,,,,,,
TotalAnnualMinCapacityInvestment,PLANDEACCION,ECU,ENE_TERM,,,,2026,,,,,,
TotalAnnualMinCapacityInvestment,PLANDEACCION,ECU,ENE_TERM,,,,2027,,,,,,
TotalAnnualMinCapacityInvestment,PLANDEACCION,ECU,ENE_TERM,,,,2028,,,,,,
TotalAnnualMinCapacityInvestment,PLANDEACCION,ECU,ENE_TERM,,,,2029,,,,,,
TotalAnnualMinCapacityInvestment,PLANDEACCION,ECU,ENE_TERM,,,,2030,,,,,,
TotalAnnualMinCapacityInvestment,PLANDEACCION,ECU,ENE_TERM,,,,2031,,,,,,
TotalAnnualMinCapacityInvestment,PLANDEACCION,ECU,ENE_TERM,,,,2032,,,,,,
TotalAnnualMinCapacityInvestment,PLANDEACCION,ECU,ENE_TERM,,,,2033,,,,,,
TotalAnnualMinCapacityInvestment,PLANDEACCION,ECU,ENE_TERM,,,,2034,,,,,,
TotalAnnualMinCapacityInvestment,PLANDEACCION,ECU,ENE_TERM,,,,2035,,,,,,
TotalAnnualMinCapacityInvestment,PLANDEACCION,ECU,ENE_TERM,,,,2036,,,,,,
TotalAnnualMinCapacityInvestment,PLANDEACCION,ECU,ENE_TERM,,,,2037,,,,,,
TotalAnnualMinCapacityInvestment,PLANDEACCION,ECU,ENE_TERM,,,,2038,,,,,,
TotalAnnualMinCapacityInvestment,PLANDEACCION,ECU,ENE_TERM,,,,2039,,,,,,
TotalAnnualMinCapacityInvestment,PLANDEACCION,ECU,ENE_TERM,,,,2040,,,,,,
TotalAnnualMinCapacityInvestment,PLANDEACCION,ECU,ENE_TERM,,,,2041,,,,,,
TotalAnnualMinCapacityInvestment,PLANDEACCION,ECU,ENE_TERM,,,,2042,,,,,,
TotalAnnualMinCapacityInvestment,PLANDEACCION,ECU,ENE_TERM,,,,2043,,,,,,
TotalAnnualMinCapacityInvestment,PLANDEACCION,ECU,ENE_TERM,,,,2044,,,,,,
TotalAnnualMinCapacityInvestment,PLANDEACCION,ECU,ENE_TERM,,,,2045,,,,,,
TotalAnnualMinCapacityInvestment,PLANDEACCION,ECU,ENE_TERM,,,,2046,,,,,,
TotalAnnualMinCapacityInvestment,PLANDEACCION,ECU,ENE_TERM,,,,2047,,,,,,
TotalAnnualMinCapacityInvestment,PLANDEACCION,ECU,ENE_TERM,,,,2048,,,,,,
TotalAnnualMinCapacityInvestment,PLANDEACCION,ECU,ENE_TERM,,,,2049,,,,,,
TotalAnnualMinCapacityInvestment,PLANDEACCION,ECU,ENE_TERM,,,,2050,,,,,,
TotalAnnualMinCapacityInvestment,PLANDEACCION,ECU,ENE_TERM,,,,2051,,,,,,
TotalAnnualMinCapacityInvestment,PLANDEACCION,ECU,ENE_TERM,,,,2052,,,,,,
TotalAnnualMinCapacityInvestment,PLANDEACCION,ECU,ENE_TERM,,,,2053,,,,,,
TotalAnnualMinCapacityInvestment,PLANDEACCION,ECU,ENE_TERM,,,,2054,,,,,,
TotalAnnualMinCapacityInvestment,PLANDEACCION,ECU,ENE_TERM,,,,2055,,,,,,
TotalAnnualMinCapacityInvestment,PLANDEACCION,ECU,ENE_TERM,,,,2056,,,,,,
TotalAnnualMinCapacityInvestment,PLANDEACCION,ECU,ENE_TERM,,,,2057,,,,,,
TotalAnnualMinCapacityInvestment,PLANDEACCION,ECU,ENE_TERM,,,,2058,,,,,,
TotalAnnualMinCapacityInvestment,PLANDEACCION,ECU,ENE_TERM,,,,2059,,,,,,
TotalAnnualMinCapacityInvestment,PLANDEACCION,ECU,ENE_TERM,,,,2060,,,,,,
TotalAnnualMinCapacityInvestment,PLANDEACCION,ECU,ENE_TERM,,,,2061,,,,,,
TotalAnnualMinCapacityInvestment,PLANDEACCION,ECU,ENE_TERM,,,,2062,,,,,,
TotalAnnualMinCapacityInvestment,PLANDEACCION,ECU,ENE_TERM,,,,2063,,,,,,
TotalAnnualMinCapacityInvestment,PLANDEACCION,ECU,ENE_TERM,,,,2064,,,,,,
TotalAnnualMinCapacityInvestment,PLANDEACCION,ECU,ENE_TERM,,,,2065,,,,,,
TotalAnnualMinCapacityInvestment,PLANDEACCION,ECU,ENE_TERM,,,,2066,,,,,,
TotalAnnualMinCapacityInvestment,PLANDEACCION,ECU,ENE_TERM,,,,2067,,,,,,
TotalAnnualMinCapacityInvestment,PLANDEACCION,ECU,ENE_TERM,,,,2068,,,,,,
TotalAnnualMinCapacityInvestment,PLANDEACCION,ECU,ENE_TERM,,,,2069,,,,,,
TotalAnnualMinCapacityInvestment,PLANDEACCION,ECU,ENE_TERM,,,,2070,,,,,,
TotalAnnualMinCapacityInvestment,PLANDEACCION,ECU,RAW_MAT_CLK,,,,2010,,,,,,
TotalAnnualMinCapacityInvestment,PLANDEACCION,ECU,RAW_MAT_CLK,,,,2011,,,,,,
TotalAnnualMinCapacityInvestment,PLANDEACCION,ECU,RAW_MAT_CLK,,,,2012,,,,,,
TotalAnnualMinCapacityInvestment,PLANDEACCION,ECU,RAW_MAT_CLK,,,,2013,,,,,,
TotalAnnualMinCapacityInvestment,PLANDEACCION,ECU,RAW_MAT_CLK,,,,2014,,,,,,
TotalAnnualMinCapacityInvestment,PLANDEACCION,ECU,RAW_MAT_CLK,,,,2015,,,,,,
TotalAnnualMinCapacityInvestment,PLANDEACCION,ECU,RAW_MAT_CLK,,,,2016,,,,,,
TotalAnnualMinCapacityInvestment,PLANDEACCION,ECU,RAW_MAT_CLK,,,,2017,,,,,,
TotalAnnualMinCapacityInvestment,PLANDEACCION,ECU,RAW_MAT_CLK,,,,2018,,,,,,
TotalAnnualMinCapacityInvestment,PLANDEACCION,ECU,RAW_MAT_CLK,,,,2019,,,,,,
TotalAnnualMinCapacityInvestment,PLANDEACCION,ECU,RAW_MAT_CLK,,,,2020,,,,,,
TotalAnnualMinCapacityInvestment,PLANDEACCION,ECU,RAW_MAT_CLK,,,,2021,,,,,,
TotalAnnualMinCapacityInvestment,PLANDEACCION,ECU,RAW_MAT_CLK,,,,2022,,,,,,
TotalAnnualMinCapacityInvestment,PLANDEACCION,ECU,RAW_MAT_CLK,,,,2023,,,,,,
TotalAnnualMinCapacityInvestment,PLANDEACCION,ECU,RAW_MAT_CLK,,,,2024,,,,,,
TotalAnnualMinCapacityInvestment,PLANDEACCION,ECU,RAW_MAT_CLK,,,,2025,,,,,,
TotalAnnualMinCapacityInvestment,PLANDEACCION,ECU,RAW_MAT_CLK,,,,2026,,,,,,
TotalAnnualMinCapacityInvestment,PLANDEACCION,ECU,RAW_MAT_CLK,,,,2027,,,,,,
TotalAnnualMinCapacityInvestment,PLANDEACCION,ECU,RAW_MAT_CLK,,,,2028,,,,,,
TotalAnnualMinCapacityInvestment,PLANDEACCION,ECU,RAW_MAT_CLK,,,,2029,,,,,,
TotalAnnualMinCapacityInvestment,PLANDEACCION,ECU,RAW_MAT_CLK,,,,2030,,,,,,
TotalAnnualMinCapacityInvestment,PLANDEACCION,ECU,RAW_MAT_CLK,,,,2031,,,,,,
TotalAnnualMinCapacityInvestment,PLANDEACCION,ECU,RAW_MAT_CLK,,,,2032,,,,,,
TotalAnnualMinCapacityInvestment,PLANDEACCION,ECU,RAW_MAT_CLK,,,,2033,,,,,,
TotalAnnualMinCapacityInvestment,PLANDEACCION,ECU,RAW_MAT_CLK,,,,2034,,,,,,
TotalAnnualMinCapacityInvestment,PLANDEACCION,ECU,RAW_MAT_CLK,,,,2035,,,,,,
TotalAnnualMinCapacityInvestment,PLANDEACCION,ECU,RAW_MAT_CLK,,,,2036,,,,,,
TotalAnnualMinCapacityInvestment,PLANDEACCION,ECU,RAW_MAT_CLK,,,,2037,,,,,,
TotalAnnualMinCapacityInvestment,PLANDEACCION,ECU,RAW_MAT_CLK,,,,2038,,,,,,
TotalAnnualMinCapacityInvestment,PLANDEACCION,ECU,RAW_MAT_CLK,,,,2039,,,,,,
TotalAnnualMinCapacityInvestment,PLANDEACCION,ECU,RAW_MAT_CLK,,,,2040,,,,,,
TotalAnnualMinCapacityInvestment,PLANDEACCION,ECU,RAW_MAT_CLK,,,,2041,,,,,,
TotalAnnualMinCapacityInvestment,PLANDEACCION,ECU,RAW_MAT_CLK,,,,2042,,,,,,
TotalAnnualMinCapacityInvestment,PLANDEACCION,ECU,RAW_MAT_CLK,,,,2043,,,,,,
TotalAnnualMinCapacityInvestment,PLANDEACCION,ECU,RAW_MAT_CLK,,,,2044,,,,,,
TotalAnnualMinCapacityInvestment,PLANDEACCION,ECU,RAW_MAT_CLK,,,,2045,,,,,,
TotalAnnualMinCapacityInvestment,PLANDEACCION,ECU,RAW_MAT_CLK,,,,2046,,,,,,
TotalAnnualMinCapacityInvestment,PLANDEACCION,ECU,RAW_MAT_CLK,,,,2047,,,,,,
TotalAnnualMinCapacityInvestment,PLANDEACCION,ECU,RAW_MAT_CLK,,,,2048,,,,,,
TotalAnnualMinCapacityInvestment,PLANDEACCION,ECU,RAW_MAT_CLK,,,,2049,,,,,,
TotalAnnualMinCapacityInvestment,PLANDEACCION,ECU,RAW_MAT_CLK,,,,2050,,,,,,
TotalAnnualMinCapacityInvestment,PLANDEACCION,ECU,RAW_MAT_CLK,,,,2051,,,,,,
TotalAnnualMinCapacityInvestment,PLANDEACCION,ECU,RAW_MAT_CLK,,,,2052,,,,,,
TotalAnnualMinCapacityInvestment,PLANDEACCION,ECU,RAW_MAT_CLK,,,,2053,,,,,,
TotalAnnualMinCapacityInvestment,PLANDEACCION,ECU,RAW_MAT_CLK,,,,2054,,,,,,
TotalAnnualMinCapacityInvestment,PLANDEACCION,ECU,RAW_MAT_CLK,,,,2055,,,,,,
TotalAnnualMinCapacityInvestment,PLANDEACCION,ECU,RAW_MAT_CLK,,,,2056,,,,,,
TotalAnnualMinCapacityInvestment,PLANDEACCION,ECU,RAW_MAT_CLK,,,,2057,,,,,,
TotalAnnualMinCapacityInvestment,PLANDEACCION,ECU,RAW_MAT_CLK,,,,2058,,,,,,
TotalAnnualMinCapacityInvestment,PLANDEACCION,ECU,RAW_MAT_CLK,,,,2059,,,,,,
TotalAnnualMinCapacityInvestment,PLANDEACCION,ECU,RAW_MAT_CLK,,,,2060,,,,,,
TotalAnnualMinCapacityInvestment,PLANDEACCION,ECU,RAW_MAT_CLK,,,,2061,,,,,,
TotalAnnualMinCapacityInvestment,PLANDEACCION,ECU,RAW_MAT_CLK,,,,2062,,,,,,
TotalAnnualMinCapacityInvestment,PLANDEACCION,ECU,RAW_MAT_CLK,,,,2063,,,,,,
TotalAnnualMinCapacityInvestment,PLANDEACCION,ECU,RAW_MAT_CLK,,,,2064,,,,,,
TotalAnnualMinCapacityInvestment,PLANDEACCION,ECU,RAW_MAT_CLK,,,,2065,,,,,,
TotalAnnualMinCapacityInvestment,PLANDEACCION,ECU,RAW_MAT_CLK,,,,2066,,,,,,
TotalAnnualMinCapacityInvestment,PLANDEACCION,ECU,RAW_MAT_CLK,,,,2067,,,,,,
TotalAnnualMinCapacityInvestment,PLANDEACCION,ECU,RAW_MAT_CLK,,,,2068,,,,,,
TotalAnnualMinCapacityInvestment,PLANDEACCION,ECU,RAW_MAT_CLK,,,,2069,,,,,,
TotalAnnualMinCapacityInvestment,PLANDEACCION,ECU,RAW_MAT_CLK,,,,2070,,,,,,
TotalAnnualMinCapacityInvestment,PLANDEACCION,ECU,ELEC_TERM,,,,2010,,,,,,
TotalAnnualMinCapacityInvestment,PLANDEACCION,ECU,ELEC_TERM,,,,2011,,,,,,
TotalAnnualMinCapacityInvestment,PLANDEACCION,ECU,ELEC_TERM,,,,2012,,,,,,
TotalAnnualMinCapacityInvestment,PLANDEACCION,ECU,ELEC_TERM,,,,2013,,,,,,
TotalAnnualMinCapacityInvestment,PLANDEACCION,ECU,ELEC_TERM,,,,2014,,,,,,
TotalAnnualMinCapacityInvestment,PLANDEACCION,ECU,ELEC_TERM,,,,2015,,,,,,
TotalAnnualMinCapacityInvestment,PLANDEACCION,ECU,ELEC_TERM,,,,2016,,,,,,
TotalAnnualMinCapacityInvestment,PLANDEACCION,ECU,ELEC_TERM,,,,2017,,,,,,
TotalAnnualMinCapacityInvestment,PLANDEACCION,ECU,ELEC_TERM,,,,2018,,,,,,
TotalAnnualMinCapacityInvestment,PLANDEACCION,ECU,ELEC_TERM,,,,2019,,,,,,
TotalAnnualMinCapacityInvestment,PLANDEACCION,ECU,ELEC_TERM,,,,2020,,,,,,
TotalAnnualMinCapacityInvestment,PLANDEACCION,ECU,ELEC_TERM,,,,2021,,,,,,
TotalAnnualMinCapacityInvestment,PLANDEACCION,ECU,ELEC_TERM,,,,2022,,,,,,
TotalAnnualMinCapacityInvestment,PLANDEACCION,ECU,ELEC_TERM,,,,2023,,,,,,
TotalAnnualMinCapacityInvestment,PLANDEACCION,ECU,ELEC_TERM,,,,2024,,,,,,
TotalAnnualMinCapacityInvestment,PLANDEACCION,ECU,ELEC_TERM,,,,2025,,,,,,
TotalAnnualMinCapacityInvestment,PLANDEACCION,ECU,ELEC_TERM,,,,2026,,,,,,
TotalAnnualMinCapacityInvestment,PLANDEACCION,ECU,ELEC_TERM,,,,2027,,,,,,
TotalAnnualMinCapacityInvestment,PLANDEACCION,ECU,ELEC_TERM,,,,2028,,,,,,
TotalAnnualMinCapacityInvestment,PLANDEACCION,ECU,ELEC_TERM,,,,2029,,,,,,
TotalAnnualMinCapacityInvestment,PLANDEACCION,ECU,ELEC_TERM,,,,2030,,,,,,
TotalAnnualMinCapacityInvestment,PLANDEACCION,ECU,ELEC_TERM,,,,2031,,,,,,
TotalAnnualMinCapacityInvestment,PLANDEACCION,ECU,ELEC_TERM,,,,2032,,,,,,
TotalAnnualMinCapacityInvestment,PLANDEACCION,ECU,ELEC_TERM,,,,2033,,,,,,
TotalAnnualMinCapacityInvestment,PLANDEACCION,ECU,ELEC_TERM,,,,2034,,,,,,
TotalAnnualMinCapacityInvestment,PLANDEACCION,ECU,ELEC_TERM,,,,2035,,,,,,
TotalAnnualMinCapacityInvestment,PLANDEACCION,ECU,ELEC_TERM,,,,2036,,,,,,
TotalAnnualMinCapacityInvestment,PLANDEACCION,ECU,ELEC_TERM,,,,2037,,,,,,
TotalAnnualMinCapacityInvestment,PLANDEACCION,ECU,ELEC_TERM,,,,2038,,,,,,
TotalAnnualMinCapacityInvestment,PLANDEACCION,ECU,ELEC_TERM,,,,2039,,,,,,
TotalAnnualMinCapacityInvestment,PLANDEACCION,ECU,ELEC_TERM,,,,2040,,,,,,
TotalAnnualMinCapacityInvestment,PLANDEACCION,ECU,ELEC_TERM,,,,2041,,,,,,
TotalAnnualMinCapacityInvestment,PLANDEACCION,ECU,ELEC_TERM,,,,2042,,,,,,
TotalAnnualMinCapacityInvestment,PLANDEACCION,ECU,ELEC_TERM,,,,2043,,,,,,
TotalAnnualMinCapacityInvestment,PLANDEACCION,ECU,ELEC_TERM,,,,2044,,,,,,
TotalAnnualMinCapacityInvestment,PLANDEACCION,ECU,ELEC_TERM,,,,2045,,,,,,
TotalAnnualMinCapacityInvestment,PLANDEACCION,ECU,ELEC_TERM,,,,2046,,,,,,
TotalAnnualMinCapacityInvestment,PLANDEACCION,ECU,ELEC_TERM,,,,2047,,,,,,
TotalAnnualMinCapacityInvestment,PLANDEACCION,ECU,ELEC_TERM,,,,2048,,,,,,
TotalAnnualMinCapacityInvestment,PLANDEACCION,ECU,ELEC_TERM,,,,2049,,,,,,
TotalAnnualMinCapacityInvestment,PLANDEACCION,ECU,ELEC_TERM,,,,2050,,,,,,
TotalAnnualMinCapacityInvestment,PLANDEACCION,ECU,ELEC_TERM,,,,2051,,,,,,
TotalAnnualMinCapacityInvestment,PLANDEACCION,ECU,ELEC_TERM,,,,2052,,,,,,
TotalAnnualMinCapacityInvestment,PLANDEACCION,ECU,ELEC_TERM,,,,2053,,,,,,
TotalAnnualMinCapacityInvestment,PLANDEACCION,ECU,ELEC_TERM,,,,2054,,,,,,
TotalAnnualMinCapacityInvestment,PLANDEACCION,ECU,ELEC_TERM,,,,2055,,,,,,
TotalAnnualMinCapacityInvestment,PLANDEACCION,ECU,ELEC_TERM,,,,2056,,,,,,
TotalAnnualMinCapacityInvestment,PLANDEACCION,ECU,ELEC_TERM,,,,2057,,,,,,
TotalAnnualMinCapacityInvestment,PLANDEACCION,ECU,ELEC_TERM,,,,2058,,,,,,
TotalAnnualMinCapacityInvestment,PLANDEACCION,ECU,ELEC_TERM,,,,2059,,,,,,
TotalAnnualMinCapacityInvestment,PLANDEACCION,ECU,ELEC_TERM,,,,2060,,,,,,
TotalAnnualMinCapacityInvestment,PLANDEACCION,ECU,ELEC_TERM,,,,2061,,,,,,
TotalAnnualMinCapacityInvestment,PLANDEACCION,ECU,ELEC_TERM,,,,2062,,,,,,
TotalAnnualMinCapacityInvestment,PLANDEACCION,ECU,ELEC_TERM,,,,2063,,,,,,
TotalAnnualMinCapacityInvestment,PLANDEACCION,ECU,ELEC_TERM,,,,2064,,,,,,
TotalAnnualMinCapacityInvestment,PLANDEACCION,ECU,ELEC_TERM,,,,2065,,,,,,
TotalAnnualMinCapacityInvestment,PLANDEACCION,ECU,ELEC_TERM,,,,2066,,,,,,
TotalAnnualMinCapacityInvestment,PLANDEACCION,ECU,ELEC_TERM,,,,2067,,,,,,
TotalAnnualMinCapacityInvestment,PLANDEACCION,ECU,ELEC_TERM,,,,2068,,,,,,
TotalAnnualMinCapacityInvestment,PLANDEACCION,ECU,ELEC_TERM,,,,2069,,,,,,
TotalAnnualMinCapacityInvestment,PLANDEACCION,ECU,ELEC_TERM,,,,2070,,,,,,
TotalAnnualMinCapacityInvestment,PLANDEACCION,ECU,ELEC_CEM,,,,2010,,,,,,
TotalAnnualMinCapacityInvestment,PLANDEACCION,ECU,ELEC_CEM,,,,2011,,,,,,
TotalAnnualMinCapacityInvestment,PLANDEACCION,ECU,ELEC_CEM,,,,2012,,,,,,
TotalAnnualMinCapacityInvestment,PLANDEACCION,ECU,ELEC_CEM,,,,2013,,,,,,
TotalAnnualMinCapacityInvestment,PLANDEACCION,ECU,ELEC_CEM,,,,2014,,,,,,
TotalAnnualMinCapacityInvestment,PLANDEACCION,ECU,ELEC_CEM,,,,2015,,,,,,
TotalAnnualMinCapacityInvestment,PLANDEACCION,ECU,ELEC_CEM,,,,2016,,,,,,
TotalAnnualMinCapacityInvestment,PLANDEACCION,ECU,ELEC_CEM,,,,2017,,,,,,
TotalAnnualMinCapacityInvestment,PLANDEACCION,ECU,ELEC_CEM,,,,2018,,,,,,
TotalAnnualMinCapacityInvestment,PLANDEACCION,ECU,ELEC_CEM,,,,2019,,,,,,
TotalAnnualMinCapacityInvestment,PLANDEACCION,ECU,ELEC_CEM,,,,2020,,,,,,
TotalAnnualMinCapacityInvestment,PLANDEACCION,ECU,ELEC_CEM,,,,2021,,,,,,
TotalAnnualMinCapacityInvestment,PLANDEACCION,ECU,ELEC_CEM,,,,2022,,,,,,
TotalAnnualMinCapacityInvestment,PLANDEACCION,ECU,ELEC_CEM,,,,2023,,,,,,
TotalAnnualMinCapacityInvestment,PLANDEACCION,ECU,ELEC_CEM,,,,2024,,,,,,
TotalAnnualMinCapacityInvestment,PLANDEACCION,ECU,ELEC_CEM,,,,2025,,,,,,
TotalAnnualMinCapacityInvestment,PLANDEACCION,ECU,ELEC_CEM,,,,2026,,,,,,
TotalAnnualMinCapacityInvestment,PLANDEACCION,ECU,ELEC_CEM,,,,2027,,,,,,
TotalAnnualMinCapacityInvestment,PLANDEACCION,ECU,ELEC_CEM,,,,2028,,,,,,
TotalAnnualMinCapacityInvestment,PLANDEACCION,ECU,ELEC_CEM,,,,2029,,,,,,
TotalAnnualMinCapacityInvestment,PLANDEACCION,ECU,ELEC_CEM,,,,2030,,,,,,
TotalAnnualMinCapacityInvestment,PLANDEACCION,ECU,ELEC_CEM,,,,2031,,,,,,
TotalAnnualMinCapacityInvestment,PLANDEACCION,ECU,ELEC_CEM,,,,2032,,,,,,
TotalAnnualMinCapacityInvestment,PLANDEACCION,ECU,ELEC_CEM,,,,2033,,,,,,
TotalAnnualMinCapacityInvestment,PLANDEACCION,ECU,ELEC_CEM,,,,2034,,,,,,
TotalAnnualMinCapacityInvestment,PLANDEACCION,ECU,ELEC_CEM,,,,2035,,,,,,
TotalAnnualMinCapacityInvestment,PLANDEACCION,ECU,ELEC_CEM,,,,2036,,,,,,
TotalAnnualMinCapacityInvestment,PLANDEACCION,ECU,ELEC_CEM,,,,2037,,,,,,
TotalAnnualMinCapacityInvestment,PLANDEACCION,ECU,ELEC_CEM,,,,2038,,,,,,
TotalAnnualMinCapacityInvestment,PLANDEACCION,ECU,ELEC_CEM,,,,2039,,,,,,
TotalAnnualMinCapacityInvestment,PLANDEACCION,ECU,ELEC_CEM,,,,2040,,,,,,
TotalAnnualMinCapacityInvestment,PLANDEACCION,ECU,ELEC_CEM,,,,2041,,,,,,
TotalAnnualMinCapacityInvestment,PLANDEACCION,ECU,ELEC_CEM,,,,2042,,,,,,
TotalAnnualMinCapacityInvestment,PLANDEACCION,ECU,ELEC_CEM,,,,2043,,,,,,
TotalAnnualMinCapacityInvestment,PLANDEACCION,ECU,ELEC_CEM,,,,2044,,,,,,
TotalAnnualMinCapacityInvestment,PLANDEACCION,ECU,ELEC_CEM,,,,2045,,,,,,
TotalAnnualMinCapacityInvestment,PLANDEACCION,ECU,ELEC_CEM,,,,2046,,,,,,
TotalAnnualMinCapacityInvestment,PLANDEACCION,ECU,ELEC_CEM,,,,2047,,,,,,
TotalAnnualMinCapacityInvestment,PLANDEACCION,ECU,ELEC_CEM,,,,2048,,,,,,
TotalAnnualMinCapacityInvestment,PLANDEACCION,ECU,ELEC_CEM,,,,2049,,,,,,
TotalAnnualMinCapacityInvestment,PLANDEACCION,ECU,ELEC_CEM,,,,2050,,,,,,
TotalAnnualMinCapacityInvestment,PLANDEACCION,ECU,ELEC_CEM,,,,2051,,,,,,
TotalAnnualMinCapacityInvestment,PLANDEACCION,ECU,ELEC_CEM,,,,2052,,,,,,
TotalAnnualMinCapacityInvestment,PLANDEACCION,ECU,ELEC_CEM,,,,2053,,,,,,
TotalAnnualMinCapacityInvestment,PLANDEACCION,ECU,ELEC_CEM,,,,2054,,,,,,
TotalAnnualMinCapacityInvestment,PLANDEACCION,ECU,ELEC_CEM,,,,2055,,,,,,
TotalAnnualMinCapacityInvestment,PLANDEACCION,ECU,ELEC_CEM,,,,2056,,,,,,
TotalAnnualMinCapacityInvestment,PLANDEACCION,ECU,ELEC_CEM,,,,2057,,,,,,
TotalAnnualMinCapacityInvestment,PLANDEACCION,ECU,ELEC_CEM,,,,2058,,,,,,
TotalAnnualMinCapacityInvestment,PLANDEACCION,ECU,ELEC_CEM,,,,2059,,,,,,
TotalAnnualMinCapacityInvestment,PLANDEACCION,ECU,ELEC_CEM,,,,2060,,,,,,
TotalAnnualMinCapacityInvestment,PLANDEACCION,ECU,ELEC_CEM,,,,2061,,,,,,
TotalAnnualMinCapacityInvestment,PLANDEACCION,ECU,ELEC_CEM,,,,2062,,,,,,
TotalAnnualMinCapacityInvestment,PLANDEACCION,ECU,ELEC_CEM,,,,2063,,,,,,
TotalAnnualMinCapacityInvestment,PLANDEACCION,ECU,ELEC_CEM,,,,2064,,,,,,
TotalAnnualMinCapacityInvestment,PLANDEACCION,ECU,ELEC_CEM,,,,2065,,,,,,
TotalAnnualMinCapacityInvestment,PLANDEACCION,ECU,ELEC_CEM,,,,2066,,,,,,
TotalAnnualMinCapacityInvestment,PLANDEACCION,ECU,ELEC_CEM,,,,2067,,,,,,
TotalAnnualMinCapacityInvestment,PLANDEACCION,ECU,ELEC_CEM,,,,2068,,,,,,
TotalAnnualMinCapacityInvestment,PLANDEACCION,ECU,ELEC_CEM,,,,2069,,,,,,
TotalAnnualMinCapacityInvestment,PLANDEACCION,ECU,ELEC_CEM,,,,2070,,,,,,
TotalAnnualMinCapacityInvestment,PLANDEACCION,ECU,RAW_MAT_CEM,,,,2010,,,,,,
TotalAnnualMinCapacityInvestment,PLANDEACCION,ECU,RAW_MAT_CEM,,,,2011,,,,,,
TotalAnnualMinCapacityInvestment,PLANDEACCION,ECU,RAW_MAT_CEM,,,,2012,,,,,,
TotalAnnualMinCapacityInvestment,PLANDEACCION,ECU,RAW_MAT_CEM,,,,2013,,,,,,
TotalAnnualMinCapacityInvestment,PLANDEACCION,ECU,RAW_MAT_CEM,,,,2014,,,,,,
TotalAnnualMinCapacityInvestment,PLANDEACCION,ECU,RAW_MAT_CEM,,,,2015,,,,,,
TotalAnnualMinCapacityInvestment,PLANDEACCION,ECU,RAW_MAT_CEM,,,,2016,,,,,,
TotalAnnualMinCapacityInvestment,PLANDEACCION,ECU,RAW_MAT_CEM,,,,2017,,,,,,
TotalAnnualMinCapacityInvestment,PLANDEACCION,ECU,RAW_MAT_CEM,,,,2018,,,,,,
TotalAnnualMinCapacityInvestment,PLANDEACCION,ECU,RAW_MAT_CEM,,,,2019,,,,,,
TotalAnnualMinCapacityInvestment,PLANDEACCION,ECU,RAW_MAT_CEM,,,,2020,,,,,,
TotalAnnualMinCapacityInvestment,PLANDEACCION,ECU,RAW_MAT_CEM,,,,2021,,,,,,
TotalAnnualMinCapacityInvestment,PLANDEACCION,ECU,RAW_MAT_CEM,,,,2022,,,,,,
TotalAnnualMinCapacityInvestment,PLANDEACCION,ECU,RAW_MAT_CEM,,,,2023,,,,,,
TotalAnnualMinCapacityInvestment,PLANDEACCION,ECU,RAW_MAT_CEM,,,,2024,,,,,,
TotalAnnualMinCapacityInvestment,PLANDEACCION,ECU,RAW_MAT_CEM,,,,2025,,,,,,
TotalAnnualMinCapacityInvestment,PLANDEACCION,ECU,RAW_MAT_CEM,,,,2026,,,,,,
TotalAnnualMinCapacityInvestment,PLANDEACCION,ECU,RAW_MAT_CEM,,,,2027,,,,,,
TotalAnnualMinCapacityInvestment,PLANDEACCION,ECU,RAW_MAT_CEM,,,,2028,,,,,,
TotalAnnualMinCapacityInvestment,PLANDEACCION,ECU,RAW_MAT_CEM,,,,2029,,,,,,
TotalAnnualMinCapacityInvestment,PLANDEACCION,ECU,RAW_MAT_CEM,,,,2030,,,,,,
TotalAnnualMinCapacityInvestment,PLANDEACCION,ECU,RAW_MAT_CEM,,,,2031,,,,,,
TotalAnnualMinCapacityInvestment,PLANDEACCION,ECU,RAW_MAT_CEM,,,,2032,,,,,,
TotalAnnualMinCapacityInvestment,PLANDEACCION,ECU,RAW_MAT_CEM,,,,2033,,,,,,
TotalAnnualMinCapacityInvestment,PLANDEACCION,ECU,RAW_MAT_CEM,,,,2034,,,,,,
TotalAnnualMinCapacityInvestment,PLANDEACCION,ECU,RAW_MAT_CEM,,,,2035,,,,,,
TotalAnnualMinCapacityInvestment,PLANDEACCION,ECU,RAW_MAT_CEM,,,,2036,,,,,,
TotalAnnualMinCapacityInvestment,PLANDEACCION,ECU,RAW_MAT_CEM,,,,2037,,,,,,
TotalAnnualMinCapacityInvestment,PLANDEACCION,ECU,RAW_MAT_CEM,,,,2038,,,,,,
TotalAnnualMinCapacityInvestment,PLANDEACCION,ECU,RAW_MAT_CEM,,,,2039,,,,,,
TotalAnnualMinCapacityInvestment,PLANDEACCION,ECU,RAW_MAT_CEM,,,,2040,,,,,,
TotalAnnualMinCapacityInvestment,PLANDEACCION,ECU,RAW_MAT_CEM,,,,2041,,,,,,
TotalAnnualMinCapacityInvestment,PLANDEACCION,ECU,RAW_MAT_CEM,,,,2042,,,,,,
TotalAnnualMinCapacityInvestment,PLANDEACCION,ECU,RAW_MAT_CEM,,,,2043,,,,,,
TotalAnnualMinCapacityInvestment,PLANDEACCION,ECU,RAW_MAT_CEM,,,,2044,,,,,,
TotalAnnualMinCapacityInvestment,PLANDEACCION,ECU,RAW_MAT_CEM,,,,2045,,,,,,
TotalAnnualMinCapacityInvestment,PLANDEACCION,ECU,RAW_MAT_CEM,,,,2046,,,,,,
TotalAnnualMinCapacityInvestment,PLANDEACCION,ECU,RAW_MAT_CEM,,,,2047,,,,,,
TotalAnnualMinCapacityInvestment,PLANDEACCION,ECU,RAW_MAT_CEM,,,,2048,,,,,,
TotalAnnualMinCapacityInvestment,PLANDEACCION,ECU,RAW_MAT_CEM,,,,2049,,,,,,
TotalAnnualMinCapacityInvestment,PLANDEACCION,ECU,RAW_MAT_CEM,,,,2050,,,,,,
TotalAnnualMinCapacityInvestment,PLANDEACCION,ECU,RAW_MAT_CEM,,,,2051,,,,,,
TotalAnnualMinCapacityInvestment,PLANDEACCION,ECU,RAW_MAT_CEM,,,,2052,,,,,,
TotalAnnualMinCapacityInvestment,PLANDEACCION,ECU,RAW_MAT_CEM,,,,2053,,,,,,
TotalAnnualMinCapacityInvestment,PLANDEACCION,ECU,RAW_MAT_CEM,,,,2054,,,,,,
TotalAnnualMinCapacityInvestment,PLANDEACCION,ECU,RAW_MAT_CEM,,,,2055,,,,,,
TotalAnnualMinCapacityInvestment,PLANDEACCION,ECU,RAW_MAT_CEM,,,,2056,,,,,,
TotalAnnualMinCapacityInvestment,PLANDEACCION,ECU,RAW_MAT_CEM,,,,2057,,,,,,
TotalAnnualMinCapacityInvestment,PLANDEACCION,ECU,RAW_MAT_CEM,,,,2058,,,,,,
TotalAnnualMinCapacityInvestment,PLANDEACCION,ECU,RAW_MAT_CEM,,,,2059,,,,,,
TotalAnnualMinCapacityInvestment,PLANDEACCION,ECU,RAW_MAT_CEM,,,,2060,,,,,,
TotalAnnualMinCapacityInvestment,PLANDEACCION,ECU,RAW_MAT_CEM,,,,2061,,,,,,
TotalAnnualMinCapacityInvestment,PLANDEACCION,ECU,RAW_MAT_CEM,,,,2062,,,,,,
TotalAnnualMinCapacityInvestment,PLANDEACCION,ECU,RAW_MAT_CEM,,,,2063,,,,,,
TotalAnnualMinCapacityInvestment,PLANDEACCION,ECU,RAW_MAT_CEM,,,,2064,,,,,,
TotalAnnualMinCapacityInvestment,PLANDEACCION,ECU,RAW_MAT_CEM,,,,2065,,,,,,
TotalAnnualMinCapacityInvestment,PLANDEACCION,ECU,RAW_MAT_CEM,,,,2066,,,,,,
TotalAnnualMinCapacityInvestment,PLANDEACCION,ECU,RAW_MAT_CEM,,,,2067,,,,,,
TotalAnnualMinCapacityInvestment,PLANDEACCION,ECU,RAW_MAT_CEM,,,,2068,,,,,,
TotalAnnualMinCapacityInvestment,PLANDEACCION,ECU,RAW_MAT_CEM,,,,2069,,,,,,
TotalAnnualMinCapacityInvestment,PLANDEACCION,ECU,RAW_MAT_CEM,,,,2070,,,,,,
TotalAnnualMinCapacityInvestment,PLANDEACCION,ECU,HFC_use,,,,2010,,,,,,
TotalAnnualMinCapacityInvestment,PLANDEACCION,ECU,HFC_use,,,,2011,,,,,,
TotalAnnualMinCapacityInvestment,PLANDEACCION,ECU,HFC_use,,,,2012,,,,,,
TotalAnnualMinCapacityInvestment,PLANDEACCION,ECU,HFC_use,,,,2013,,,,,,
TotalAnnualMinCapacityInvestment,PLANDEACCION,ECU,HFC_use,,,,2014,,,,,,
TotalAnnualMinCapacityInvestment,PLANDEACCION,ECU,HFC_use,,,,2015,,,,,,
TotalAnnualMinCapacityInvestment,PLANDEACCION,ECU,HFC_use,,,,2016,,,,,,
TotalAnnualMinCapacityInvestment,PLANDEACCION,ECU,HFC_use,,,,2017,,,,,,
TotalAnnualMinCapacityInvestment,PLANDEACCION,ECU,HFC_use,,,,2018,,,,,,
TotalAnnualMinCapacityInvestment,PLANDEACCION,ECU,HFC_use,,,,2019,,,,,,
TotalAnnualMinCapacityInvestment,PLANDEACCION,ECU,HFC_use,,,,2020,,,,,,
TotalAnnualMinCapacityInvestment,PLANDEACCION,ECU,HFC_use,,,,2021,,,,,,
TotalAnnualMinCapacityInvestment,PLANDEACCION,ECU,HFC_use,,,,2022,,,,,,
TotalAnnualMinCapacityInvestment,PLANDEACCION,ECU,HFC_use,,,,2023,,,,,,
TotalAnnualMinCapacityInvestment,PLANDEACCION,ECU,HFC_use,,,,2024,,,,,,
TotalAnnualMinCapacityInvestment,PLANDEACCION,ECU,HFC_use,,,,2025,,,,,,
TotalAnnualMinCapacityInvestment,PLANDEACCION,ECU,HFC_use,,,,2026,,,,,,
TotalAnnualMinCapacityInvestment,PLANDEACCION,ECU,HFC_use,,,,2027,,,,,,
TotalAnnualMinCapacityInvestment,PLANDEACCION,ECU,HFC_use,,,,2028,,,,,,
TotalAnnualMinCapacityInvestment,PLANDEACCION,ECU,HFC_use,,,,2029,,,,,,
TotalAnnualMinCapacityInvestment,PLANDEACCION,ECU,HFC_use,,,,2030,,,,,,
TotalAnnualMinCapacityInvestment,PLANDEACCION,ECU,HFC_use,,,,2031,,,,,,
TotalAnnualMinCapacityInvestment,PLANDEACCION,ECU,HFC_use,,,,2032,,,,,,
TotalAnnualMinCapacityInvestment,PLANDEACCION,ECU,HFC_use,,,,2033,,,,,,
TotalAnnualMinCapacityInvestment,PLANDEACCION,ECU,HFC_use,,,,2034,,,,,,
TotalAnnualMinCapacityInvestment,PLANDEACCION,ECU,HFC_use,,,,2035,,,,,,
TotalAnnualMinCapacityInvestment,PLANDEACCION,ECU,HFC_use,,,,2036,,,,,,
TotalAnnualMinCapacityInvestment,PLANDEACCION,ECU,HFC_use,,,,2037,,,,,,
TotalAnnualMinCapacityInvestment,PLANDEACCION,ECU,HFC_use,,,,2038,,,,,,
TotalAnnualMinCapacityInvestment,PLANDEACCION,ECU,HFC_use,,,,2039,,,,,,
TotalAnnualMinCapacityInvestment,PLANDEACCION,ECU,HFC_use,,,,2040,,,,,,
TotalAnnualMinCapacityInvestment,PLANDEACCION,ECU,HFC_use,,,,2041,,,,,,
TotalAnnualMinCapacityInvestment,PLANDEACCION,ECU,HFC_use,,,,2042,,,,,,
TotalAnnualMinCapacityInvestment,PLANDEACCION,ECU,HFC_use,,,,2043,,,,,,
TotalAnnualMinCapacityInvestment,PLANDEACCION,ECU,HFC_use,,,,2044,,,,,,
TotalAnnualMinCapacityInvestment,PLANDEACCION,ECU,HFC_use,,,,2045,,,,,,
TotalAnnualMinCapacityInvestment,PLANDEACCION,ECU,HFC_use,,,,2046,,,,,,
TotalAnnualMinCapacityInvestment,PLANDEACCION,ECU,HFC_use,,,,2047,,,,,,
TotalAnnualMinCapacityInvestment,PLANDEACCION,ECU,HFC_use,,,,2048,,,,,,
TotalAnnualMinCapacityInvestment,PLANDEACCION,ECU,HFC_use,,,,2049,,,,,,
TotalAnnualMinCapacityInvestment,PLANDEACCION,ECU,HFC_use,,,,2050,,,,,,
TotalAnnualMinCapacityInvestment,PLANDEACCION,ECU,HFC_use,,,,2051,,,,,,
TotalAnnualMinCapacityInvestment,PLANDEACCION,ECU,HFC_use,,,,2052,,,,,,
TotalAnnualMinCapacityInvestment,PLANDEACCION,ECU,HFC_use,,,,2053,,,,,,
TotalAnnualMinCapacityInvestment,PLANDEACCION,ECU,HFC_use,,,,2054,,,,,,
TotalAnnualMinCapacityInvestment,PLANDEACCION,ECU,HFC_use,,,,2055,,,,,,
TotalAnnualMinCapacityInvestment,PLANDEACCION,ECU,HFC_use,,,,2056,,,,,,
TotalAnnualMinCapacityInvestment,PLANDEACCION,ECU,HFC_use,,,,2057,,,,,,
TotalAnnualMinCapacityInvestment,PLANDEACCION,ECU,HFC_use,,,,2058,,,,,,
TotalAnnualMinCapacityInvestment,PLANDEACCION,ECU,HFC_use,,,,2059,,,,,,
TotalAnnualMinCapacityInvestment,PLANDEACCION,ECU,HFC_use,,,,2060,,,,,,
TotalAnnualMinCapacityInvestment,PLANDEACCION,ECU,HFC_use,,,,2061,,,,,,
TotalAnnualMinCapacityInvestment,PLANDEACCION,ECU,HFC_use,,,,2062,,,,,,
TotalAnnualMinCapacityInvestment,PLANDEACCION,ECU,HFC_use,,,,2063,,,,,,
TotalAnnualMinCapacityInvestment,PLANDEACCION,ECU,HFC_use,,,,2064,,,,,,
TotalAnnualMinCapacityInvestment,PLANDEACCION,ECU,HFC_use,,,,2065,,,,,,
TotalAnnualMinCapacityInvestment,PLANDEACCION,ECU,HFC_use,,,,2066,,,,,,
TotalAnnualMinCapacityInvestment,PLANDEACCION,ECU,HFC_use,,,,2067,,,,,,
TotalAnnualMinCapacityInvestment,PLANDEACCION,ECU,HFC_use,,,,2068,,,,,,
TotalAnnualMinCapacityInvestment,PLANDEACCION,ECU,HFC_use,,,,2069,,,,,,
TotalAnnualMinCapacityInvestment,PLANDEACCION,ECU,HFC_use,,,,2070,,,,,,
TotalAnnualMinCapacityInvestment,PLANDEACCION,ECU,LIME_PROD,,,,2010,,,,,,
TotalAnnualMinCapacityInvestment,PLANDEACCION,ECU,LIME_PROD,,,,2011,,,,,,
TotalAnnualMinCapacityInvestment,PLANDEACCION,ECU,LIME_PROD,,,,2012,,,,,,
TotalAnnualMinCapacityInvestment,PLANDEACCION,ECU,LIME_PROD,,,,2013,,,,,,
TotalAnnualMinCapacityInvestment,PLANDEACCION,ECU,LIME_PROD,,,,2014,,,,,,
TotalAnnualMinCapacityInvestment,PLANDEACCION,ECU,LIME_PROD,,,,2015,,,,,,
TotalAnnualMinCapacityInvestment,PLANDEACCION,ECU,LIME_PROD,,,,2016,,,,,,
TotalAnnualMinCapacityInvestment,PLANDEACCION,ECU,LIME_PROD,,,,2017,,,,,,
TotalAnnualMinCapacityInvestment,PLANDEACCION,ECU,LIME_PROD,,,,2018,,,,,,
TotalAnnualMinCapacityInvestment,PLANDEACCION,ECU,LIME_PROD,,,,2019,,,,,,
TotalAnnualMinCapacityInvestment,PLANDEACCION,ECU,LIME_PROD,,,,2020,,,,,,
TotalAnnualMinCapacityInvestment,PLANDEACCION,ECU,LIME_PROD,,,,2021,,,,,,
TotalAnnualMinCapacityInvestment,PLANDEACCION,ECU,LIME_PROD,,,,2022,,,,,,
TotalAnnualMinCapacityInvestment,PLANDEACCION,ECU,LIME_PROD,,,,2023,,,,,,
TotalAnnualMinCapacityInvestment,PLANDEACCION,ECU,LIME_PROD,,,,2024,,,,,,
TotalAnnualMinCapacityInvestment,PLANDEACCION,ECU,LIME_PROD,,,,2025,,,,,,
TotalAnnualMinCapacityInvestment,PLANDEACCION,ECU,LIME_PROD,,,,2026,,,,,,
TotalAnnualMinCapacityInvestment,PLANDEACCION,ECU,LIME_PROD,,,,2027,,,,,,
TotalAnnualMinCapacityInvestment,PLANDEACCION,ECU,LIME_PROD,,,,2028,,,,,,
TotalAnnualMinCapacityInvestment,PLANDEACCION,ECU,LIME_PROD,,,,2029,,,,,,
TotalAnnualMinCapacityInvestment,PLANDEACCION,ECU,LIME_PROD,,,,2030,,,,,,
TotalAnnualMinCapacityInvestment,PLANDEACCION,ECU,LIME_PROD,,,,2031,,,,,,
TotalAnnualMinCapacityInvestment,PLANDEACCION,ECU,LIME_PROD,,,,2032,,,,,,
TotalAnnualMinCapacityInvestment,PLANDEACCION,ECU,LIME_PROD,,,,2033,,,,,,
TotalAnnualMinCapacityInvestment,PLANDEACCION,ECU,LIME_PROD,,,,2034,,,,,,
TotalAnnualMinCapacityInvestment,PLANDEACCION,ECU,LIME_PROD,,,,2035,,,,,,
TotalAnnualMinCapacityInvestment,PLANDEACCION,ECU,LIME_PROD,,,,2036,,,,,,
TotalAnnualMinCapacityInvestment,PLANDEACCION,ECU,LIME_PROD,,,,2037,,,,,,
TotalAnnualMinCapacityInvestment,PLANDEACCION,ECU,LIME_PROD,,,,2038,,,,,,
TotalAnnualMinCapacityInvestment,PLANDEACCION,ECU,LIME_PROD,,,,2039,,,,,,
TotalAnnualMinCapacityInvestment,PLANDEACCION,ECU,LIME_PROD,,,,2040,,,,,,
TotalAnnualMinCapacityInvestment,PLANDEACCION,ECU,LIME_PROD,,,,2041,,,,,,
TotalAnnualMinCapacityInvestment,PLANDEACCION,ECU,LIME_PROD,,,,2042,,,,,,
TotalAnnualMinCapacityInvestment,PLANDEACCION,ECU,LIME_PROD,,,,2043,,,,,,
TotalAnnualMinCapacityInvestment,PLANDEACCION,ECU,LIME_PROD,,,,2044,,,,,,
TotalAnnualMinCapacityInvestment,PLANDEACCION,ECU,LIME_PROD,,,,2045,,,,,,
TotalAnnualMinCapacityInvestment,PLANDEACCION,ECU,LIME_PROD,,,,2046,,,,,,
TotalAnnualMinCapacityInvestment,PLANDEACCION,ECU,LIME_PROD,,,,2047,,,,,,
TotalAnnualMinCapacityInvestment,PLANDEACCION,ECU,LIME_PROD,,,,2048,,,,,,
TotalAnnualMinCapacityInvestment,PLANDEACCION,ECU,LIME_PROD,,,,2049,,,,,,
TotalAnnualMinCapacityInvestment,PLANDEACCION,ECU,LIME_PROD,,,,2050,,,,,,
TotalAnnualMinCapacityInvestment,PLANDEACCION,ECU,LIME_PROD,,,,2051,,,,,,
TotalAnnualMinCapacityInvestment,PLANDEACCION,ECU,LIME_PROD,,,,2052,,,,,,
TotalAnnualMinCapacityInvestment,PLANDEACCION,ECU,LIME_PROD,,,,2053,,,,,,
TotalAnnualMinCapacityInvestment,PLANDEACCION,ECU,LIME_PROD,,,,2054,,,,,,
TotalAnnualMinCapacityInvestment,PLANDEACCION,ECU,LIME_PROD,,,,2055,,,,,,
TotalAnnualMinCapacityInvestment,PLANDEACCION,ECU,LIME_PROD,,,,2056,,,,,,
TotalAnnualMinCapacityInvestment,PLANDEACCION,ECU,LIME_PROD,,,,2057,,,,,,
TotalAnnualMinCapacityInvestment,PLANDEACCION,ECU,LIME_PROD,,,,2058,,,,,,
TotalAnnualMinCapacityInvestment,PLANDEACCION,ECU,LIME_PROD,,,,2059,,,,,,
TotalAnnualMinCapacityInvestment,PLANDEACCION,ECU,LIME_PROD,,,,2060,,,,,,
TotalAnnualMinCapacityInvestment,PLANDEACCION,ECU,LIME_PROD,,,,2061,,,,,,
TotalAnnualMinCapacityInvestment,PLANDEACCION,ECU,LIME_PROD,,,,2062,,,,,,
TotalAnnualMinCapacityInvestment,PLANDEACCION,ECU,LIME_PROD,,,,2063,,,,,,
TotalAnnualMinCapacityInvestment,PLANDEACCION,ECU,LIME_PROD,,,,2064,,,,,,
TotalAnnualMinCapacityInvestment,PLANDEACCION,ECU,LIME_PROD,,,,2065,,,,,,
TotalAnnualMinCapacityInvestment,PLANDEACCION,ECU,LIME_PROD,,,,2066,,,,,,
TotalAnnualMinCapacityInvestment,PLANDEACCION,ECU,LIME_PROD,,,,2067,,,,,,
TotalAnnualMinCapacityInvestment,PLANDEACCION,ECU,LIME_PROD,,,,2068,,,,,,
TotalAnnualMinCapacityInvestment,PLANDEACCION,ECU,LIME_PROD,,,,2069,,,,,,
TotalAnnualMinCapacityInvestment,PLANDEACCION,ECU,LIME_PROD,,,,2070,,,,,,
TotalAnnualMinCapacityInvestment,PLANDEACCION,ECU,GLASS_PROD,,,,2010,,,,,,
TotalAnnualMinCapacityInvestment,PLANDEACCION,ECU,GLASS_PROD,,,,2011,,,,,,
TotalAnnualMinCapacityInvestment,PLANDEACCION,ECU,GLASS_PROD,,,,2012,,,,,,
TotalAnnualMinCapacityInvestment,PLANDEACCION,ECU,GLASS_PROD,,,,2013,,,,,,
TotalAnnualMinCapacityInvestment,PLANDEACCION,ECU,GLASS_PROD,,,,2014,,,,,,
TotalAnnualMinCapacityInvestment,PLANDEACCION,ECU,GLASS_PROD,,,,2015,,,,,,
TotalAnnualMinCapacityInvestment,PLANDEACCION,ECU,GLASS_PROD,,,,2016,,,,,,
TotalAnnualMinCapacityInvestment,PLANDEACCION,ECU,GLASS_PROD,,,,2017,,,,,,
TotalAnnualMinCapacityInvestment,PLANDEACCION,ECU,GLASS_PROD,,,,2018,,,,,,
TotalAnnualMinCapacityInvestment,PLANDEACCION,ECU,GLASS_PROD,,,,2019,,,,,,
TotalAnnualMinCapacityInvestment,PLANDEACCION,ECU,GLASS_PROD,,,,2020,,,,,,
TotalAnnualMinCapacityInvestment,PLANDEACCION,ECU,GLASS_PROD,,,,2021,,,,,,
TotalAnnualMinCapacityInvestment,PLANDEACCION,ECU,GLASS_PROD,,,,2022,,,,,,
TotalAnnualMinCapacityInvestment,PLANDEACCION,ECU,GLASS_PROD,,,,2023,,,,,,
TotalAnnualMinCapacityInvestment,PLANDEACCION,ECU,GLASS_PROD,,,,2024,,,,,,
TotalAnnualMinCapacityInvestment,PLANDEACCION,ECU,GLASS_PROD,,,,2025,,,,,,
TotalAnnualMinCapacityInvestment,PLANDEACCION,ECU,GLASS_PROD,,,,2026,,,,,,
TotalAnnualMinCapacityInvestment,PLANDEACCION,ECU,GLASS_PROD,,,,2027,,,,,,
TotalAnnualMinCapacityInvestment,PLANDEACCION,ECU,GLASS_PROD,,,,2028,,,,,,
TotalAnnualMinCapacityInvestment,PLANDEACCION,ECU,GLASS_PROD,,,,2029,,,,,,
TotalAnnualMinCapacityInvestment,PLANDEACCION,ECU,GLASS_PROD,,,,2030,,,,,,
TotalAnnualMinCapacityInvestment,PLANDEACCION,ECU,GLASS_PROD,,,,2031,,,,,,
TotalAnnualMinCapacityInvestment,PLANDEACCION,ECU,GLASS_PROD,,,,2032,,,,,,
TotalAnnualMinCapacityInvestment,PLANDEACCION,ECU,GLASS_PROD,,,,2033,,,,,,
TotalAnnualMinCapacityInvestment,PLANDEACCION,ECU,GLASS_PROD,,,,2034,,,,,,
TotalAnnualMinCapacityInvestment,PLANDEACCION,ECU,GLASS_PROD,,,,2035,,,,,,
TotalAnnualMinCapacityInvestment,PLANDEACCION,ECU,GLASS_PROD,,,,2036,,,,,,
TotalAnnualMinCapacityInvestment,PLANDEACCION,ECU,GLASS_PROD,,,,2037,,,,,,
TotalAnnualMinCapacityInvestment,PLANDEACCION,ECU,GLASS_PROD,,,,2038,,,,,,
TotalAnnualMinCapacityInvestment,PLANDEACCION,ECU,GLASS_PROD,,,,2039,,,,,,
TotalAnnualMinCapacityInvestment,PLANDEACCION,ECU,GLASS_PROD,,,,2040,,,,,,
TotalAnnualMinCapacityInvestment,PLANDEACCION,ECU,GLASS_PROD,,,,2041,,,,,,
TotalAnnualMinCapacityInvestment,PLANDEACCION,ECU,GLASS_PROD,,,,2042,,,,,,
TotalAnnualMinCapacityInvestment,PLANDEACCION,ECU,GLASS_PROD,,,,2043,,,,,,
TotalAnnualMinCapacityInvestment,PLANDEACCION,ECU,GLASS_PROD,,,,2044,,,,,,
TotalAnnualMinCapacityInvestment,PLANDEACCION,ECU,GLASS_PROD,,,,2045,,,,,,
TotalAnnualMinCapacityInvestment,PLANDEACCION,ECU,GLASS_PROD,,,,2046,,,,,,
TotalAnnualMinCapacityInvestment,PLANDEACCION,ECU,GLASS_PROD,,,,2047,,,,,,
TotalAnnualMinCapacityInvestment,PLANDEACCION,ECU,GLASS_PROD,,,,2048,,,,,,
TotalAnnualMinCapacityInvestment,PLANDEACCION,ECU,GLASS_PROD,,,,2049,,,,,,
TotalAnnualMinCapacityInvestment,PLANDEACCION,ECU,GLASS_PROD,,,,2050,,,,,,
TotalAnnualMinCapacityInvestment,PLANDEACCION,ECU,GLASS_PROD,,,,2051,,,,,,
TotalAnnualMinCapacityInvestment,PLANDEACCION,ECU,GLASS_PROD,,,,2052,,,,,,
TotalAnnualMinCapacityInvestment,PLANDEACCION,ECU,GLASS_PROD,,,,2053,,,,,,
TotalAnnualMinCapacityInvestment,PLANDEACCION,ECU,GLASS_PROD,,,,2054,,,,,,
TotalAnnualMinCapacityInvestment,PLANDEACCION,ECU,GLASS_PROD,,,,2055,,,,,,
TotalAnnualMinCapacityInvestment,PLANDEACCION,ECU,GLASS_PROD,,,,2056,,,,,,
TotalAnnualMinCapacityInvestment,PLANDEACCION,ECU,GLASS_PROD,,,,2057,,,,,,
TotalAnnualMinCapacityInvestment,PLANDEACCION,ECU,GLASS_PROD,,,,2058,,,,,,
TotalAnnualMinCapacityInvestment,PLANDEACCION,ECU,GLASS_PROD,,,,2059,,,,,,
TotalAnnualMinCapacityInvestment,PLANDEACCION,ECU,GLASS_PROD,,,,2060,,,,,,
TotalAnnualMinCapacityInvestment,PLANDEACCION,ECU,GLASS_PROD,,,,2061,,,,,,
TotalAnnualMinCapacityInvestment,PLANDEACCION,ECU,GLASS_PROD,,,,2062,,,,,,
TotalAnnualMinCapacityInvestment,PLANDEACCION,ECU,GLASS_PROD,,,,2063,,,,,,
TotalAnnualMinCapacityInvestment,PLANDEACCION,ECU,GLASS_PROD,,,,2064,,,,,,
TotalAnnualMinCapacityInvestment,PLANDEACCION,ECU,GLASS_PROD,,,,2065,,,,,,
TotalAnnualMinCapacityInvestment,PLANDEACCION,ECU,GLASS_PROD,,,,2066,,,,,,
TotalAnnualMinCapacityInvestment,PLANDEACCION,ECU,GLASS_PROD,,,,2067,,,,,,
TotalAnnualMinCapacityInvestment,PLANDEACCION,ECU,GLASS_PROD,,,,2068,,,,,,
TotalAnnualMinCapacityInvestment,PLANDEACCION,ECU,GLASS_PROD,,,,2069,,,,,,
TotalAnnualMinCapacityInvestment,PLANDEACCION,ECU,GLASS_PROD,,,,2070,,,,,,
TotalAnnualMinCapacityInvestment,PLANDEACCION,ECU,CERAMICS,,,,2010,,,,,,
TotalAnnualMinCapacityInvestment,PLANDEACCION,ECU,CERAMICS,,,,2011,,,,,,
TotalAnnualMinCapacityInvestment,PLANDEACCION,ECU,CERAMICS,,,,2012,,,,,,
TotalAnnualMinCapacityInvestment,PLANDEACCION,ECU,CERAMICS,,,,2013,,,,,,
TotalAnnualMinCapacityInvestment,PLANDEACCION,ECU,CERAMICS,,,,2014,,,,,,
TotalAnnualMinCapacityInvestment,PLANDEACCION,ECU,CERAMICS,,,,2015,,,,,,
TotalAnnualMinCapacityInvestment,PLANDEACCION,ECU,CERAMICS,,,,2016,,,,,,
TotalAnnualMinCapacityInvestment,PLANDEACCION,ECU,CERAMICS,,,,2017,,,,,,
TotalAnnualMinCapacityInvestment,PLANDEACCION,ECU,CERAMICS,,,,2018,,,,,,
TotalAnnualMinCapacityInvestment,PLANDEACCION,ECU,CERAMICS,,,,2019,,,,,,
TotalAnnualMinCapacityInvestment,PLANDEACCION,ECU,CERAMICS,,,,2020,,,,,,
TotalAnnualMinCapacityInvestment,PLANDEACCION,ECU,CERAMICS,,,,2021,,,,,,
TotalAnnualMinCapacityInvestment,PLANDEACCION,ECU,CERAMICS,,,,2022,,,,,,
TotalAnnualMinCapacityInvestment,PLANDEACCION,ECU,CERAMICS,,,,2023,,,,,,
TotalAnnualMinCapacityInvestment,PLANDEACCION,ECU,CERAMICS,,,,2024,,,,,,
TotalAnnualMinCapacityInvestment,PLANDEACCION,ECU,CERAMICS,,,,2025,,,,,,
TotalAnnualMinCapacityInvestment,PLANDEACCION,ECU,CERAMICS,,,,2026,,,,,,
TotalAnnualMinCapacityInvestment,PLANDEACCION,ECU,CERAMICS,,,,2027,,,,,,
TotalAnnualMinCapacityInvestment,PLANDEACCION,ECU,CERAMICS,,,,2028,,,,,,
TotalAnnualMinCapacityInvestment,PLANDEACCION,ECU,CERAMICS,,,,2029,,,,,,
TotalAnnualMinCapacityInvestment,PLANDEACCION,ECU,CERAMICS,,,,2030,,,,,,
TotalAnnualMinCapacityInvestment,PLANDEACCION,ECU,CERAMICS,,,,2031,,,,,,
TotalAnnualMinCapacityInvestment,PLANDEACCION,ECU,CERAMICS,,,,2032,,,,,,
TotalAnnualMinCapacityInvestment,PLANDEACCION,ECU,CERAMICS,,,,2033,,,,,,
TotalAnnualMinCapacityInvestment,PLANDEACCION,ECU,CERAMICS,,,,2034,,,,,,
TotalAnnualMinCapacityInvestment,PLANDEACCION,ECU,CERAMICS,,,,2035,,,,,,
TotalAnnualMinCapacityInvestment,PLANDEACCION,ECU,CERAMICS,,,,2036,,,,,,
TotalAnnualMinCapacityInvestment,PLANDEACCION,ECU,CERAMICS,,,,2037,,,,,,
TotalAnnualMinCapacityInvestment,PLANDEACCION,ECU,CERAMICS,,,,2038,,,,,,
TotalAnnualMinCapacityInvestment,PLANDEACCION,ECU,CERAMICS,,,,2039,,,,,,
TotalAnnualMinCapacityInvestment,PLANDEACCION,ECU,CERAMICS,,,,2040,,,,,,
TotalAnnualMinCapacityInvestment,PLANDEACCION,ECU,CERAMICS,,,,2041,,,,,,
TotalAnnualMinCapacityInvestment,PLANDEACCION,ECU,CERAMICS,,,,2042,,,,,,
TotalAnnualMinCapacityInvestment,PLANDEACCION,ECU,CERAMICS,,,,2043,,,,,,
TotalAnnualMinCapacityInvestment,PLANDEACCION,ECU,CERAMICS,,,,2044,,,,,,
TotalAnnualMinCapacityInvestment,PLANDEACCION,ECU,CERAMICS,,,,2045,,,,,,
TotalAnnualMinCapacityInvestment,PLANDEACCION,ECU,CERAMICS,,,,2046,,,,,,
TotalAnnualMinCapacityInvestment,PLANDEACCION,ECU,CERAMICS,,,,2047,,,,,,
TotalAnnualMinCapacityInvestment,PLANDEACCION,ECU,CERAMICS,,,,2048,,,,,,
TotalAnnualMinCapacityInvestment,PLANDEACCION,ECU,CERAMICS,,,,2049,,,,,,
TotalAnnualMinCapacityInvestment,PLANDEACCION,ECU,CERAMICS,,,,2050,,,,,,
TotalAnnualMinCapacityInvestment,PLANDEACCION,ECU,CERAMICS,,,,2051,,,,,,
TotalAnnualMinCapacityInvestment,PLANDEACCION,ECU,CERAMICS,,,,2052,,,,,,
TotalAnnualMinCapacityInvestment,PLANDEACCION,ECU,CERAMICS,,,,2053,,,,,,
TotalAnnualMinCapacityInvestment,PLANDEACCION,ECU,CERAMICS,,,,2054,,,,,,
TotalAnnualMinCapacityInvestment,PLANDEACCION,ECU,CERAMICS,,,,2055,,,,,,
TotalAnnualMinCapacityInvestment,PLANDEACCION,ECU,CERAMICS,,,,2056,,,,,,
TotalAnnualMinCapacityInvestment,PLANDEACCION,ECU,CERAMICS,,,,2057,,,,,,
TotalAnnualMinCapacityInvestment,PLANDEACCION,ECU,CERAMICS,,,,2058,,,,,,
TotalAnnualMinCapacityInvestment,PLANDEACCION,ECU,CERAMICS,,,,2059,,,,,,
TotalAnnualMinCapacityInvestment,PLANDEACCION,ECU,CERAMICS,,,,2060,,,,,,
TotalAnnualMinCapacityInvestment,PLANDEACCION,ECU,CERAMICS,,,,2061,,,,,,
TotalAnnualMinCapacityInvestment,PLANDEACCION,ECU,CERAMICS,,,,2062,,,,,,
TotalAnnualMinCapacityInvestment,PLANDEACCION,ECU,CERAMICS,,,,2063,,,,,,
TotalAnnualMinCapacityInvestment,PLANDEACCION,ECU,CERAMICS,,,,2064,,,,,,
TotalAnnualMinCapacityInvestment,PLANDEACCION,ECU,CERAMICS,,,,2065,,,,,,
TotalAnnualMinCapacityInvestment,PLANDEACCION,ECU,CERAMICS,,,,2066,,,,,,
TotalAnnualMinCapacityInvestment,PLANDEACCION,ECU,CERAMICS,,,,2067,,,,,,
TotalAnnualMinCapacityInvestment,PLANDEACCION,ECU,CERAMICS,,,,2068,,,,,,
TotalAnnualMinCapacityInvestment,PLANDEACCION,ECU,CERAMICS,,,,2069,,,,,,
TotalAnnualMinCapacityInvestment,PLANDEACCION,ECU,CERAMICS,,,,2070,,,,,,
TotalAnnualMinCapacityInvestment,PLANDEACCION,ECU,SODA_ASH,,,,2010,,,,,,
TotalAnnualMinCapacityInvestment,PLANDEACCION,ECU,SODA_ASH,,,,2011,,,,,,
TotalAnnualMinCapacityInvestment,PLANDEACCION,ECU,SODA_ASH,,,,2012,,,,,,
TotalAnnualMinCapacityInvestment,PLANDEACCION,ECU,SODA_ASH,,,,2013,,,,,,
TotalAnnualMinCapacityInvestment,PLANDEACCION,ECU,SODA_ASH,,,,2014,,,,,,
TotalAnnualMinCapacityInvestment,PLANDEACCION,ECU,SODA_ASH,,,,2015,,,,,,
TotalAnnualMinCapacityInvestment,PLANDEACCION,ECU,SODA_ASH,,,,2016,,,,,,
TotalAnnualMinCapacityInvestment,PLANDEACCION,ECU,SODA_ASH,,,,2017,,,,,,
TotalAnnualMinCapacityInvestment,PLANDEACCION,ECU,SODA_ASH,,,,2018,,,,,,
TotalAnnualMinCapacityInvestment,PLANDEACCION,ECU,SODA_ASH,,,,2019,,,,,,
TotalAnnualMinCapacityInvestment,PLANDEACCION,ECU,SODA_ASH,,,,2020,,,,,,
TotalAnnualMinCapacityInvestment,PLANDEACCION,ECU,SODA_ASH,,,,2021,,,,,,
TotalAnnualMinCapacityInvestment,PLANDEACCION,ECU,SODA_ASH,,,,2022,,,,,,
TotalAnnualMinCapacityInvestment,PLANDEACCION,ECU,SODA_ASH,,,,2023,,,,,,
TotalAnnualMinCapacityInvestment,PLANDEACCION,ECU,SODA_ASH,,,,2024,,,,,,
TotalAnnualMinCapacityInvestment,PLANDEACCION,ECU,SODA_ASH,,,,2025,,,,,,
TotalAnnualMinCapacityInvestment,PLANDEACCION,ECU,SODA_ASH,,,,2026,,,,,,
TotalAnnualMinCapacityInvestment,PLANDEACCION,ECU,SODA_ASH,,,,2027,,,,,,
TotalAnnualMinCapacityInvestment,PLANDEACCION,ECU,SODA_ASH,,,,2028,,,,,,
TotalAnnualMinCapacityInvestment,PLANDEACCION,ECU,SODA_ASH,,,,2029,,,,,,
TotalAnnualMinCapacityInvestment,PLANDEACCION,ECU,SODA_ASH,,,,2030,,,,,,
TotalAnnualMinCapacityInvestment,PLANDEACCION,ECU,SODA_ASH,,,,2031,,,,,,
TotalAnnualMinCapacityInvestment,PLANDEACCION,ECU,SODA_ASH,,,,2032,,,,,,
TotalAnnualMinCapacityInvestment,PLANDEACCION,ECU,SODA_ASH,,,,2033,,,,,,
TotalAnnualMinCapacityInvestment,PLANDEACCION,ECU,SODA_ASH,,,,2034,,,,,,
TotalAnnualMinCapacityInvestment,PLANDEACCION,ECU,SODA_ASH,,,,2035,,,,,,
TotalAnnualMinCapacityInvestment,PLANDEACCION,ECU,SODA_ASH,,,,2036,,,,,,
TotalAnnualMinCapacityInvestment,PLANDEACCION,ECU,SODA_ASH,,,,2037,,,,,,
TotalAnnualMinCapacityInvestment,PLANDEACCION,ECU,SODA_ASH,,,,2038,,,,,,
TotalAnnualMinCapacityInvestment,PLANDEACCION,ECU,SODA_ASH,,,,2039,,,,,,
TotalAnnualMinCapacityInvestment,PLANDEACCION,ECU,SODA_ASH,,,,2040,,,,,,
TotalAnnualMinCapacityInvestment,PLANDEACCION,ECU,SODA_ASH,,,,2041,,,,,,
TotalAnnualMinCapacityInvestment,PLANDEACCION,ECU,SODA_ASH,,,,2042,,,,,,
TotalAnnualMinCapacityInvestment,PLANDEACCION,ECU,SODA_ASH,,,,2043,,,,,,
TotalAnnualMinCapacityInvestment,PLANDEACCION,ECU,SODA_ASH,,,,2044,,,,,,
TotalAnnualMinCapacityInvestment,PLANDEACCION,ECU,SODA_ASH,,,,2045,,,,,,
TotalAnnualMinCapacityInvestment,PLANDEACCION,ECU,SODA_ASH,,,,2046,,,,,,
TotalAnnualMinCapacityInvestment,PLANDEACCION,ECU,SODA_ASH,,,,2047,,,,,,
TotalAnnualMinCapacityInvestment,PLANDEACCION,ECU,SODA_ASH,,,,2048,,,,,,
TotalAnnualMinCapacityInvestment,PLANDEACCION,ECU,SODA_ASH,,,,2049,,,,,,
TotalAnnualMinCapacityInvestment,PLANDEACCION,ECU,SODA_ASH,,,,2050,,,,,,
TotalAnnualMinCapacityInvestment,PLANDEACCION,ECU,SODA_ASH,,,,2051,,,,,,
TotalAnnualMinCapacityInvestment,PLANDEACCION,ECU,SODA_ASH,,,,2052,,,,,,
TotalAnnualMinCapacityInvestment,PLANDEACCION,ECU,SODA_ASH,,,,2053,,,,,,
TotalAnnualMinCapacityInvestment,PLANDEACCION,ECU,SODA_ASH,,,,2054,,,,,,
TotalAnnualMinCapacityInvestment,PLANDEACCION,ECU,SODA_ASH,,,,2055,,,,,,
TotalAnnualMinCapacityInvestment,PLANDEACCION,ECU,SODA_ASH,,,,2056,,,,,,
TotalAnnualMinCapacityInvestment,PLANDEACCION,ECU,SODA_ASH,,,,2057,,,,,,
TotalAnnualMinCapacityInvestment,PLANDEACCION,ECU,SODA_ASH,,,,2058,,,,,,
TotalAnnualMinCapacityInvestment,PLANDEACCION,ECU,SODA_ASH,,,,2059,,,,,,
TotalAnnualMinCapacityInvestment,PLANDEACCION,ECU,SODA_ASH,,,,2060,,,,,,
TotalAnnualMinCapacityInvestment,PLANDEACCION,ECU,SODA_ASH,,,,2061,,,,,,
TotalAnnualMinCapacityInvestment,PLANDEACCION,ECU,SODA_ASH,,,,2062,,,,,,
TotalAnnualMinCapacityInvestment,PLANDEACCION,ECU,SODA_ASH,,,,2063,,,,,,
TotalAnnualMinCapacityInvestment,PLANDEACCION,ECU,SODA_ASH,,,,2064,,,,,,
TotalAnnualMinCapacityInvestment,PLANDEACCION,ECU,SODA_ASH,,,,2065,,,,,,
TotalAnnualMinCapacityInvestment,PLANDEACCION,ECU,SODA_ASH,,,,2066,,,,,,
TotalAnnualMinCapacityInvestment,PLANDEACCION,ECU,SODA_ASH,,,,2067,,,,,,
TotalAnnualMinCapacityInvestment,PLANDEACCION,ECU,SODA_ASH,,,,2068,,,,,,
TotalAnnualMinCapacityInvestment,PLANDEACCION,ECU,SODA_ASH,,,,2069,,,,,,
TotalAnnualMinCapacityInvestment,PLANDEACCION,ECU,SODA_ASH,,,,2070,,,,,,
TotalAnnualMinCapacityInvestment,PLANDEACCION,ECU,IRON_STEEL,,,,2010,,,,,,
TotalAnnualMinCapacityInvestment,PLANDEACCION,ECU,IRON_STEEL,,,,2011,,,,,,
TotalAnnualMinCapacityInvestment,PLANDEACCION,ECU,IRON_STEEL,,,,2012,,,,,,
TotalAnnualMinCapacityInvestment,PLANDEACCION,ECU,IRON_STEEL,,,,2013,,,,,,
TotalAnnualMinCapacityInvestment,PLANDEACCION,ECU,IRON_STEEL,,,,2014,,,,,,
TotalAnnualMinCapacityInvestment,PLANDEACCION,ECU,IRON_STEEL,,,,2015,,,,,,
TotalAnnualMinCapacityInvestment,PLANDEACCION,ECU,IRON_STEEL,,,,2016,,,,,,
TotalAnnualMinCapacityInvestment,PLANDEACCION,ECU,IRON_STEEL,,,,2017,,,,,,
TotalAnnualMinCapacityInvestment,PLANDEACCION,ECU,IRON_STEEL,,,,2018,,,,,,
TotalAnnualMinCapacityInvestment,PLANDEACCION,ECU,IRON_STEEL,,,,2019,,,,,,
TotalAnnualMinCapacityInvestment,PLANDEACCION,ECU,IRON_STEEL,,,,2020,,,,,,
TotalAnnualMinCapacityInvestment,PLANDEACCION,ECU,IRON_STEEL,,,,2021,,,,,,
TotalAnnualMinCapacityInvestment,PLANDEACCION,ECU,IRON_STEEL,,,,2022,,,,,,
TotalAnnualMinCapacityInvestment,PLANDEACCION,ECU,IRON_STEEL,,,,2023,,,,,,
TotalAnnualMinCapacityInvestment,PLANDEACCION,ECU,IRON_STEEL,,,,2024,,,,,,
TotalAnnualMinCapacityInvestment,PLANDEACCION,ECU,IRON_STEEL,,,,2025,,,,,,
TotalAnnualMinCapacityInvestment,PLANDEACCION,ECU,IRON_STEEL,,,,2026,,,,,,
TotalAnnualMinCapacityInvestment,PLANDEACCION,ECU,IRON_STEEL,,,,2027,,,,,,
TotalAnnualMinCapacityInvestment,PLANDEACCION,ECU,IRON_STEEL,,,,2028,,,,,,
TotalAnnualMinCapacityInvestment,PLANDEACCION,ECU,IRON_STEEL,,,,2029,,,,,,
TotalAnnualMinCapacityInvestment,PLANDEACCION,ECU,IRON_STEEL,,,,2030,,,,,,
TotalAnnualMinCapacityInvestment,PLANDEACCION,ECU,IRON_STEEL,,,,2031,,,,,,
TotalAnnualMinCapacityInvestment,PLANDEACCION,ECU,IRON_STEEL,,,,2032,,,,,,
TotalAnnualMinCapacityInvestment,PLANDEACCION,ECU,IRON_STEEL,,,,2033,,,,,,
TotalAnnualMinCapacityInvestment,PLANDEACCION,ECU,IRON_STEEL,,,,2034,,,,,,
TotalAnnualMinCapacityInvestment,PLANDEACCION,ECU,IRON_STEEL,,,,2035,,,,,,
TotalAnnualMinCapacityInvestment,PLANDEACCION,ECU,IRON_STEEL,,,,2036,,,,,,
TotalAnnualMinCapacityInvestment,PLANDEACCION,ECU,IRON_STEEL,,,,2037,,,,,,
TotalAnnualMinCapacityInvestment,PLANDEACCION,ECU,IRON_STEEL,,,,2038,,,,,,
TotalAnnualMinCapacityInvestment,PLANDEACCION,ECU,IRON_STEEL,,,,2039,,,,,,
TotalAnnualMinCapacityInvestment,PLANDEACCION,ECU,IRON_STEEL,,,,2040,,,,,,
TotalAnnualMinCapacityInvestment,PLANDEACCION,ECU,IRON_STEEL,,,,2041,,,,,,
TotalAnnualMinCapacityInvestment,PLANDEACCION,ECU,IRON_STEEL,,,,2042,,,,,,
TotalAnnualMinCapacityInvestment,PLANDEACCION,ECU,IRON_STEEL,,,,2043,,,,,,
TotalAnnualMinCapacityInvestment,PLANDEACCION,ECU,IRON_STEEL,,,,2044,,,,,,
TotalAnnualMinCapacityInvestment,PLANDEACCION,ECU,IRON_STEEL,,,,2045,,,,,,
TotalAnnualMinCapacityInvestment,PLANDEACCION,ECU,IRON_STEEL,,,,2046,,,,,,
TotalAnnualMinCapacityInvestment,PLANDEACCION,ECU,IRON_STEEL,,,,2047,,,,,,
TotalAnnualMinCapacityInvestment,PLANDEACCION,ECU,IRON_STEEL,,,,2048,,,,,,
TotalAnnualMinCapacityInvestment,PLANDEACCION,ECU,IRON_STEEL,,,,2049,,,,,,
TotalAnnualMinCapacityInvestment,PLANDEACCION,ECU,IRON_STEEL,,,,2050,,,,,,
TotalAnnualMinCapacityInvestment,PLANDEACCION,ECU,IRON_STEEL,,,,2051,,,,,,
TotalAnnualMinCapacityInvestment,PLANDEACCION,ECU,IRON_STEEL,,,,2052,,,,,,
TotalAnnualMinCapacityInvestment,PLANDEACCION,ECU,IRON_STEEL,,,,2053,,,,,,
TotalAnnualMinCapacityInvestment,PLANDEACCION,ECU,IRON_STEEL,,,,2054,,,,,,
TotalAnnualMinCapacityInvestment,PLANDEACCION,ECU,IRON_STEEL,,,,2055,,,,,,
TotalAnnualMinCapacityInvestment,PLANDEACCION,ECU,IRON_STEEL,,,,2056,,,,,,
TotalAnnualMinCapacityInvestment,PLANDEACCION,ECU,IRON_STEEL,,,,2057,,,,,,
TotalAnnualMinCapacityInvestment,PLANDEACCION,ECU,IRON_STEEL,,,,2058,,,,,,
TotalAnnualMinCapacityInvestment,PLANDEACCION,ECU,IRON_STEEL,,,,2059,,,,,,
TotalAnnualMinCapacityInvestment,PLANDEACCION,ECU,IRON_STEEL,,,,2060,,,,,,
TotalAnnualMinCapacityInvestment,PLANDEACCION,ECU,IRON_STEEL,,,,2061,,,,,,
TotalAnnualMinCapacityInvestment,PLANDEACCION,ECU,IRON_STEEL,,,,2062,,,,,,
TotalAnnualMinCapacityInvestment,PLANDEACCION,ECU,IRON_STEEL,,,,2063,,,,,,
TotalAnnualMinCapacityInvestment,PLANDEACCION,ECU,IRON_STEEL,,,,2064,,,,,,
TotalAnnualMinCapacityInvestment,PLANDEACCION,ECU,IRON_STEEL,,,,2065,,,,,,
TotalAnnualMinCapacityInvestment,PLANDEACCION,ECU,IRON_STEEL,,,,2066,,,,,,
TotalAnnualMinCapacityInvestment,PLANDEACCION,ECU,IRON_STEEL,,,,2067,,,,,,
TotalAnnualMinCapacityInvestment,PLANDEACCION,ECU,IRON_STEEL,,,,2068,,,,,,
TotalAnnualMinCapacityInvestment,PLANDEACCION,ECU,IRON_STEEL,,,,2069,,,,,,
TotalAnnualMinCapacityInvestment,PLANDEACCION,ECU,IRON_STEEL,,,,2070,,,,,,
TotalAnnualMinCapacityInvestment,PLANDEACCION,ECU,LEAD_PROD,,,,2010,,,,,,
TotalAnnualMinCapacityInvestment,PLANDEACCION,ECU,LEAD_PROD,,,,2011,,,,,,
TotalAnnualMinCapacityInvestment,PLANDEACCION,ECU,LEAD_PROD,,,,2012,,,,,,
TotalAnnualMinCapacityInvestment,PLANDEACCION,ECU,LEAD_PROD,,,,2013,,,,,,
TotalAnnualMinCapacityInvestment,PLANDEACCION,ECU,LEAD_PROD,,,,2014,,,,,,
TotalAnnualMinCapacityInvestment,PLANDEACCION,ECU,LEAD_PROD,,,,2015,,,,,,
TotalAnnualMinCapacityInvestment,PLANDEACCION,ECU,LEAD_PROD,,,,2016,,,,,,
TotalAnnualMinCapacityInvestment,PLANDEACCION,ECU,LEAD_PROD,,,,2017,,,,,,
TotalAnnualMinCapacityInvestment,PLANDEACCION,ECU,LEAD_PROD,,,,2018,,,,,,
TotalAnnualMinCapacityInvestment,PLANDEACCION,ECU,LEAD_PROD,,,,2019,,,,,,
TotalAnnualMinCapacityInvestment,PLANDEACCION,ECU,LEAD_PROD,,,,2020,,,,,,
TotalAnnualMinCapacityInvestment,PLANDEACCION,ECU,LEAD_PROD,,,,2021,,,,,,
TotalAnnualMinCapacityInvestment,PLANDEACCION,ECU,LEAD_PROD,,,,2022,,,,,,
TotalAnnualMinCapacityInvestment,PLANDEACCION,ECU,LEAD_PROD,,,,2023,,,,,,
TotalAnnualMinCapacityInvestment,PLANDEACCION,ECU,LEAD_PROD,,,,2024,,,,,,
TotalAnnualMinCapacityInvestment,PLANDEACCION,ECU,LEAD_PROD,,,,2025,,,,,,
TotalAnnualMinCapacityInvestment,PLANDEACCION,ECU,LEAD_PROD,,,,2026,,,,,,
TotalAnnualMinCapacityInvestment,PLANDEACCION,ECU,LEAD_PROD,,,,2027,,,,,,
TotalAnnualMinCapacityInvestment,PLANDEACCION,ECU,LEAD_PROD,,,,2028,,,,,,
TotalAnnualMinCapacityInvestment,PLANDEACCION,ECU,LEAD_PROD,,,,2029,,,,,,
TotalAnnualMinCapacityInvestment,PLANDEACCION,ECU,LEAD_PROD,,,,2030,,,,,,
TotalAnnualMinCapacityInvestment,PLANDEACCION,ECU,LEAD_PROD,,,,2031,,,,,,
TotalAnnualMinCapacityInvestment,PLANDEACCION,ECU,LEAD_PROD,,,,2032,,,,,,
TotalAnnualMinCapacityInvestment,PLANDEACCION,ECU,LEAD_PROD,,,,2033,,,,,,
TotalAnnualMinCapacityInvestment,PLANDEACCION,ECU,LEAD_PROD,,,,2034,,,,,,
TotalAnnualMinCapacityInvestment,PLANDEACCION,ECU,LEAD_PROD,,,,2035,,,,,,
TotalAnnualMinCapacityInvestment,PLANDEACCION,ECU,LEAD_PROD,,,,2036,,,,,,
TotalAnnualMinCapacityInvestment,PLANDEACCION,ECU,LEAD_PROD,,,,2037,,,,,,
TotalAnnualMinCapacityInvestment,PLANDEACCION,ECU,LEAD_PROD,,,,2038,,,,,,
TotalAnnualMinCapacityInvestment,PLANDEACCION,ECU,LEAD_PROD,,,,2039,,,,,,
TotalAnnualMinCapacityInvestment,PLANDEACCION,ECU,LEAD_PROD,,,,2040,,,,,,
TotalAnnualMinCapacityInvestment,PLANDEACCION,ECU,LEAD_PROD,,,,2041,,,,,,
TotalAnnualMinCapacityInvestment,PLANDEACCION,ECU,LEAD_PROD,,,,2042,,,,,,
TotalAnnualMinCapacityInvestment,PLANDEACCION,ECU,LEAD_PROD,,,,2043,,,,,,
TotalAnnualMinCapacityInvestment,PLANDEACCION,ECU,LEAD_PROD,,,,2044,,,,,,
TotalAnnualMinCapacityInvestment,PLANDEACCION,ECU,LEAD_PROD,,,,2045,,,,,,
TotalAnnualMinCapacityInvestment,PLANDEACCION,ECU,LEAD_PROD,,,,2046,,,,,,
TotalAnnualMinCapacityInvestment,PLANDEACCION,ECU,LEAD_PROD,,,,2047,,,,,,
TotalAnnualMinCapacityInvestment,PLANDEACCION,ECU,LEAD_PROD,,,,2048,,,,,,
TotalAnnualMinCapacityInvestment,PLANDEACCION,ECU,LEAD_PROD,,,,2049,,,,,,
TotalAnnualMinCapacityInvestment,PLANDEACCION,ECU,LEAD_PROD,,,,2050,,,,,,
TotalAnnualMinCapacityInvestment,PLANDEACCION,ECU,LEAD_PROD,,,,2051,,,,,,
TotalAnnualMinCapacityInvestment,PLANDEACCION,ECU,LEAD_PROD,,,,2052,,,,,,
TotalAnnualMinCapacityInvestment,PLANDEACCION,ECU,LEAD_PROD,,,,2053,,,,,,
TotalAnnualMinCapacityInvestment,PLANDEACCION,ECU,LEAD_PROD,,,,2054,,,,,,
TotalAnnualMinCapacityInvestment,PLANDEACCION,ECU,LEAD_PROD,,,,2055,,,,,,
TotalAnnualMinCapacityInvestment,PLANDEACCION,ECU,LEAD_PROD,,,,2056,,,,,,
TotalAnnualMinCapacityInvestment,PLANDEACCION,ECU,LEAD_PROD,,,,2057,,,,,,
TotalAnnualMinCapacityInvestment,PLANDEACCION,ECU,LEAD_PROD,,,,2058,,,,,,
TotalAnnualMinCapacityInvestment,PLANDEACCION,ECU,LEAD_PROD,,,,2059,,,,,,
TotalAnnualMinCapacityInvestment,PLANDEACCION,ECU,LEAD_PROD,,,,2060,,,,,,
TotalAnnualMinCapacityInvestment,PLANDEACCION,ECU,LEAD_PROD,,,,2061,,,,,,
TotalAnnualMinCapacityInvestment,PLANDEACCION,ECU,LEAD_PROD,,,,2062,,,,,,
TotalAnnualMinCapacityInvestment,PLANDEACCION,ECU,LEAD_PROD,,,,2063,,,,,,
TotalAnnualMinCapacityInvestment,PLANDEACCION,ECU,LEAD_PROD,,,,2064,,,,,,
TotalAnnualMinCapacityInvestment,PLANDEACCION,ECU,LEAD_PROD,,,,2065,,,,,,
TotalAnnualMinCapacityInvestment,PLANDEACCION,ECU,LEAD_PROD,,,,2066,,,,,,
TotalAnnualMinCapacityInvestment,PLANDEACCION,ECU,LEAD_PROD,,,,2067,,,,,,
TotalAnnualMinCapacityInvestment,PLANDEACCION,ECU,LEAD_PROD,,,,2068,,,,,,
TotalAnnualMinCapacityInvestment,PLANDEACCION,ECU,LEAD_PROD,,,,2069,,,,,,
TotalAnnualMinCapacityInvestment,PLANDEACCION,ECU,LEAD_PROD,,,,2070,,,,,,
TotalAnnualMinCapacityInvestment,PLANDEACCION,ECU,LUBRI,,,,2010,,,,,,
TotalAnnualMinCapacityInvestment,PLANDEACCION,ECU,LUBRI,,,,2011,,,,,,
TotalAnnualMinCapacityInvestment,PLANDEACCION,ECU,LUBRI,,,,2012,,,,,,
TotalAnnualMinCapacityInvestment,PLANDEACCION,ECU,LUBRI,,,,2013,,,,,,
TotalAnnualMinCapacityInvestment,PLANDEACCION,ECU,LUBRI,,,,2014,,,,,,
TotalAnnualMinCapacityInvestment,PLANDEACCION,ECU,LUBRI,,,,2015,,,,,,
TotalAnnualMinCapacityInvestment,PLANDEACCION,ECU,LUBRI,,,,2016,,,,,,
TotalAnnualMinCapacityInvestment,PLANDEACCION,ECU,LUBRI,,,,2017,,,,,,
TotalAnnualMinCapacityInvestment,PLANDEACCION,ECU,LUBRI,,,,2018,,,,,,
TotalAnnualMinCapacityInvestment,PLANDEACCION,ECU,LUBRI,,,,2019,,,,,,
TotalAnnualMinCapacityInvestment,PLANDEACCION,ECU,LUBRI,,,,2020,,,,,,
TotalAnnualMinCapacityInvestment,PLANDEACCION,ECU,LUBRI,,,,2021,,,,,,
TotalAnnualMinCapacityInvestment,PLANDEACCION,ECU,LUBRI,,,,2022,,,,,,
TotalAnnualMinCapacityInvestment,PLANDEACCION,ECU,LUBRI,,,,2023,,,,,,
TotalAnnualMinCapacityInvestment,PLANDEACCION,ECU,LUBRI,,,,2024,,,,,,
TotalAnnualMinCapacityInvestment,PLANDEACCION,ECU,LUBRI,,,,2025,,,,,,
TotalAnnualMinCapacityInvestment,PLANDEACCION,ECU,LUBRI,,,,2026,,,,,,
TotalAnnualMinCapacityInvestment,PLANDEACCION,ECU,LUBRI,,,,2027,,,,,,
TotalAnnualMinCapacityInvestment,PLANDEACCION,ECU,LUBRI,,,,2028,,,,,,
TotalAnnualMinCapacityInvestment,PLANDEACCION,ECU,LUBRI,,,,2029,,,,,,
TotalAnnualMinCapacityInvestment,PLANDEACCION,ECU,LUBRI,,,,2030,,,,,,
TotalAnnualMinCapacityInvestment,PLANDEACCION,ECU,LUBRI,,,,2031,,,,,,
TotalAnnualMinCapacityInvestment,PLANDEACCION,ECU,LUBRI,,,,2032,,,,,,
TotalAnnualMinCapacityInvestment,PLANDEACCION,ECU,LUBRI,,,,2033,,,,,,
TotalAnnualMinCapacityInvestment,PLANDEACCION,ECU,LUBRI,,,,2034,,,,,,
TotalAnnualMinCapacityInvestment,PLANDEACCION,ECU,LUBRI,,,,2035,,,,,,
TotalAnnualMinCapacityInvestment,PLANDEACCION,ECU,LUBRI,,,,2036,,,,,,
TotalAnnualMinCapacityInvestment,PLANDEACCION,ECU,LUBRI,,,,2037,,,,,,
TotalAnnualMinCapacityInvestment,PLANDEACCION,ECU,LUBRI,,,,2038,,,,,,
TotalAnnualMinCapacityInvestment,PLANDEACCION,ECU,LUBRI,,,,2039,,,,,,
TotalAnnualMinCapacityInvestment,PLANDEACCION,ECU,LUBRI,,,,2040,,,,,,
TotalAnnualMinCapacityInvestment,PLANDEACCION,ECU,LUBRI,,,,2041,,,,,,
TotalAnnualMinCapacityInvestment,PLANDEACCION,ECU,LUBRI,,,,2042,,,,,,
TotalAnnualMinCapacityInvestment,PLANDEACCION,ECU,LUBRI,,,,2043,,,,,,
TotalAnnualMinCapacityInvestment,PLANDEACCION,ECU,LUBRI,,,,2044,,,,,,
TotalAnnualMinCapacityInvestment,PLANDEACCION,ECU,LUBRI,,,,2045,,,,,,
TotalAnnualMinCapacityInvestment,PLANDEACCION,ECU,LUBRI,,,,2046,,,,,,
TotalAnnualMinCapacityInvestment,PLANDEACCION,ECU,LUBRI,,,,2047,,,,,,
TotalAnnualMinCapacityInvestment,PLANDEACCION,ECU,LUBRI,,,,2048,,,,,,
TotalAnnualMinCapacityInvestment,PLANDEACCION,ECU,LUBRI,,,,2049,,,,,,
TotalAnnualMinCapacityInvestment,PLANDEACCION,ECU,LUBRI,,,,2050,,,,,,
TotalAnnualMinCapacityInvestment,PLANDEACCION,ECU,LUBRI,,,,2051,,,,,,
TotalAnnualMinCapacityInvestment,PLANDEACCION,ECU,LUBRI,,,,2052,,,,,,
TotalAnnualMinCapacityInvestment,PLANDEACCION,ECU,LUBRI,,,,2053,,,,,,
TotalAnnualMinCapacityInvestment,PLANDEACCION,ECU,LUBRI,,,,2054,,,,,,
TotalAnnualMinCapacityInvestment,PLANDEACCION,ECU,LUBRI,,,,2055,,,,,,
TotalAnnualMinCapacityInvestment,PLANDEACCION,ECU,LUBRI,,,,2056,,,,,,
TotalAnnualMinCapacityInvestment,PLANDEACCION,ECU,LUBRI,,,,2057,,,,,,
TotalAnnualMinCapacityInvestment,PLANDEACCION,ECU,LUBRI,,,,2058,,,,,,
TotalAnnualMinCapacityInvestment,PLANDEACCION,ECU,LUBRI,,,,2059,,,,,,
TotalAnnualMinCapacityInvestment,PLANDEACCION,ECU,LUBRI,,,,2060,,,,,,
TotalAnnualMinCapacityInvestment,PLANDEACCION,ECU,LUBRI,,,,2061,,,,,,
TotalAnnualMinCapacityInvestment,PLANDEACCION,ECU,LUBRI,,,,2062,,,,,,
TotalAnnualMinCapacityInvestment,PLANDEACCION,ECU,LUBRI,,,,2063,,,,,,
TotalAnnualMinCapacityInvestment,PLANDEACCION,ECU,LUBRI,,,,2064,,,,,,
TotalAnnualMinCapacityInvestment,PLANDEACCION,ECU,LUBRI,,,,2065,,,,,,
TotalAnnualMinCapacityInvestment,PLANDEACCION,ECU,LUBRI,,,,2066,,,,,,
TotalAnnualMinCapacityInvestment,PLANDEACCION,ECU,LUBRI,,,,2067,,,,,,
TotalAnnualMinCapacityInvestment,PLANDEACCION,ECU,LUBRI,,,,2068,,,,,,
TotalAnnualMinCapacityInvestment,PLANDEACCION,ECU,LUBRI,,,,2069,,,,,,
TotalAnnualMinCapacityInvestment,PLANDEACCION,ECU,LUBRI,,,,2070,,,,,,
TotalAnnualMinCapacityInvestment,PLANDEACCION,ECU,PARAFFIN,,,,2010,,,,,,
TotalAnnualMinCapacityInvestment,PLANDEACCION,ECU,PARAFFIN,,,,2011,,,,,,
TotalAnnualMinCapacityInvestment,PLANDEACCION,ECU,PARAFFIN,,,,2012,,,,,,
TotalAnnualMinCapacityInvestment,PLANDEACCION,ECU,PARAFFIN,,,,2013,,,,,,
TotalAnnualMinCapacityInvestment,PLANDEACCION,ECU,PARAFFIN,,,,2014,,,,,,
TotalAnnualMinCapacityInvestment,PLANDEACCION,ECU,PARAFFIN,,,,2015,,,,,,
TotalAnnualMinCapacityInvestment,PLANDEACCION,ECU,PARAFFIN,,,,2016,,,,,,
TotalAnnualMinCapacityInvestment,PLANDEACCION,ECU,PARAFFIN,,,,2017,,,,,,
TotalAnnualMinCapacityInvestment,PLANDEACCION,ECU,PARAFFIN,,,,2018,,,,,,
TotalAnnualMinCapacityInvestment,PLANDEACCION,ECU,PARAFFIN,,,,2019,,,,,,
TotalAnnualMinCapacityInvestment,PLANDEACCION,ECU,PARAFFIN,,,,2020,,,,,,
TotalAnnualMinCapacityInvestment,PLANDEACCION,ECU,PARAFFIN,,,,2021,,,,,,
TotalAnnualMinCapacityInvestment,PLANDEACCION,ECU,PARAFFIN,,,,2022,,,,,,
TotalAnnualMinCapacityInvestment,PLANDEACCION,ECU,PARAFFIN,,,,2023,,,,,,
TotalAnnualMinCapacityInvestment,PLANDEACCION,ECU,PARAFFIN,,,,2024,,,,,,
TotalAnnualMinCapacityInvestment,PLANDEACCION,ECU,PARAFFIN,,,,2025,,,,,,
TotalAnnualMinCapacityInvestment,PLANDEACCION,ECU,PARAFFIN,,,,2026,,,,,,
TotalAnnualMinCapacityInvestment,PLANDEACCION,ECU,PARAFFIN,,,,2027,,,,,,
TotalAnnualMinCapacityInvestment,PLANDEACCION,ECU,PARAFFIN,,,,2028,,,,,,
TotalAnnualMinCapacityInvestment,PLANDEACCION,ECU,PARAFFIN,,,,2029,,,,,,
TotalAnnualMinCapacityInvestment,PLANDEACCION,ECU,PARAFFIN,,,,2030,,,,,,
TotalAnnualMinCapacityInvestment,PLANDEACCION,ECU,PARAFFIN,,,,2031,,,,,,
TotalAnnualMinCapacityInvestment,PLANDEACCION,ECU,PARAFFIN,,,,2032,,,,,,
TotalAnnualMinCapacityInvestment,PLANDEACCION,ECU,PARAFFIN,,,,2033,,,,,,
TotalAnnualMinCapacityInvestment,PLANDEACCION,ECU,PARAFFIN,,,,2034,,,,,,
TotalAnnualMinCapacityInvestment,PLANDEACCION,ECU,PARAFFIN,,,,2035,,,,,,
TotalAnnualMinCapacityInvestment,PLANDEACCION,ECU,PARAFFIN,,,,2036,,,,,,
TotalAnnualMinCapacityInvestment,PLANDEACCION,ECU,PARAFFIN,,,,2037,,,,,,
TotalAnnualMinCapacityInvestment,PLANDEACCION,ECU,PARAFFIN,,,,2038,,,,,,
TotalAnnualMinCapacityInvestment,PLANDEACCION,ECU,PARAFFIN,,,,2039,,,,,,
TotalAnnualMinCapacityInvestment,PLANDEACCION,ECU,PARAFFIN,,,,2040,,,,,,
TotalAnnualMinCapacityInvestment,PLANDEACCION,ECU,PARAFFIN,,,,2041,,,,,,
TotalAnnualMinCapacityInvestment,PLANDEACCION,ECU,PARAFFIN,,,,2042,,,,,,
TotalAnnualMinCapacityInvestment,PLANDEACCION,ECU,PARAFFIN,,,,2043,,,,,,
TotalAnnualMinCapacityInvestment,PLANDEACCION,ECU,PARAFFIN,,,,2044,,,,,,
TotalAnnualMinCapacityInvestment,PLANDEACCION,ECU,PARAFFIN,,,,2045,,,,,,
TotalAnnualMinCapacityInvestment,PLANDEACCION,ECU,PARAFFIN,,,,2046,,,,,,
TotalAnnualMinCapacityInvestment,PLANDEACCION,ECU,PARAFFIN,,,,2047,,,,,,
TotalAnnualMinCapacityInvestment,PLANDEACCION,ECU,PARAFFIN,,,,2048,,,,,,
TotalAnnualMinCapacityInvestment,PLANDEACCION,ECU,PARAFFIN,,,,2049,,,,,,
TotalAnnualMinCapacityInvestment,PLANDEACCION,ECU,PARAFFIN,,,,2050,,,,,,
TotalAnnualMinCapacityInvestment,PLANDEACCION,ECU,PARAFFIN,,,,2051,,,,,,
TotalAnnualMinCapacityInvestment,PLANDEACCION,ECU,PARAFFIN,,,,2052,,,,,,
TotalAnnualMinCapacityInvestment,PLANDEACCION,ECU,PARAFFIN,,,,2053,,,,,,
TotalAnnualMinCapacityInvestment,PLANDEACCION,ECU,PARAFFIN,,,,2054,,,,,,
TotalAnnualMinCapacityInvestment,PLANDEACCION,ECU,PARAFFIN,,,,2055,,,,,,
TotalAnnualMinCapacityInvestment,PLANDEACCION,ECU,PARAFFIN,,,,2056,,,,,,
TotalAnnualMinCapacityInvestment,PLANDEACCION,ECU,PARAFFIN,,,,2057,,,,,,
TotalAnnualMinCapacityInvestment,PLANDEACCION,ECU,PARAFFIN,,,,2058,,,,,,
TotalAnnualMinCapacityInvestment,PLANDEACCION,ECU,PARAFFIN,,,,2059,,,,,,
TotalAnnualMinCapacityInvestment,PLANDEACCION,ECU,PARAFFIN,,,,2060,,,,,,
TotalAnnualMinCapacityInvestment,PLANDEACCION,ECU,PARAFFIN,,,,2061,,,,,,
TotalAnnualMinCapacityInvestment,PLANDEACCION,ECU,PARAFFIN,,,,2062,,,,,,
TotalAnnualMinCapacityInvestment,PLANDEACCION,ECU,PARAFFIN,,,,2063,,,,,,
TotalAnnualMinCapacityInvestment,PLANDEACCION,ECU,PARAFFIN,,,,2064,,,,,,
TotalAnnualMinCapacityInvestment,PLANDEACCION,ECU,PARAFFIN,,,,2065,,,,,,
TotalAnnualMinCapacityInvestment,PLANDEACCION,ECU,PARAFFIN,,,,2066,,,,,,
TotalAnnualMinCapacityInvestment,PLANDEACCION,ECU,PARAFFIN,,,,2067,,,,,,
TotalAnnualMinCapacityInvestment,PLANDEACCION,ECU,PARAFFIN,,,,2068,,,,,,
TotalAnnualMinCapacityInvestment,PLANDEACCION,ECU,PARAFFIN,,,,2069,,,,,,
TotalAnnualMinCapacityInvestment,PLANDEACCION,ECU,PARAFFIN,,,,2070,,,,,,
TotalAnnualMinCapacityInvestment,PLANDEACCION,ECU,PROD_CLK_TRAD,,,,2010,,,,,,
TotalAnnualMinCapacityInvestment,PLANDEACCION,ECU,PROD_CLK_TRAD,,,,2011,,,,,,
TotalAnnualMinCapacityInvestment,PLANDEACCION,ECU,PROD_CLK_TRAD,,,,2012,,,,,,
TotalAnnualMinCapacityInvestment,PLANDEACCION,ECU,PROD_CLK_TRAD,,,,2013,,,,,,
TotalAnnualMinCapacityInvestment,PLANDEACCION,ECU,PROD_CLK_TRAD,,,,2014,,,,,,
TotalAnnualMinCapacityInvestment,PLANDEACCION,ECU,PROD_CLK_TRAD,,,,2015,,,,,,
TotalAnnualMinCapacityInvestment,PLANDEACCION,ECU,PROD_CLK_TRAD,,,,2016,,,,,,
TotalAnnualMinCapacityInvestment,PLANDEACCION,ECU,PROD_CLK_TRAD,,,,2017,,,,,,
TotalAnnualMinCapacityInvestment,PLANDEACCION,ECU,PROD_CLK_TRAD,,,,2018,,,,,,
TotalAnnualMinCapacityInvestment,PLANDEACCION,ECU,PROD_CLK_TRAD,,,,2019,,,,,,
TotalAnnualMinCapacityInvestment,PLANDEACCION,ECU,PROD_CLK_TRAD,,,,2020,,,,,,
TotalAnnualMinCapacityInvestment,PLANDEACCION,ECU,PROD_CLK_TRAD,,,,2021,,,,,,
TotalAnnualMinCapacityInvestment,PLANDEACCION,ECU,PROD_CLK_TRAD,,,,2022,,,,,,
TotalAnnualMinCapacityInvestment,PLANDEACCION,ECU,PROD_CLK_TRAD,,,,2023,,,,,,
TotalAnnualMinCapacityInvestment,PLANDEACCION,ECU,PROD_CLK_TRAD,,,,2024,,,,,,
TotalAnnualMinCapacityInvestment,PLANDEACCION,ECU,PROD_CLK_TRAD,,,,2025,,,,,,
TotalAnnualMinCapacityInvestment,PLANDEACCION,ECU,PROD_CLK_TRAD,,,,2026,,,,,,
TotalAnnualMinCapacityInvestment,PLANDEACCION,ECU,PROD_CLK_TRAD,,,,2027,,,,,,
TotalAnnualMinCapacityInvestment,PLANDEACCION,ECU,PROD_CLK_TRAD,,,,2028,,,,,,
TotalAnnualMinCapacityInvestment,PLANDEACCION,ECU,PROD_CLK_TRAD,,,,2029,,,,,,
TotalAnnualMinCapacityInvestment,PLANDEACCION,ECU,PROD_CLK_TRAD,,,,2030,,,,,,
TotalAnnualMinCapacityInvestment,PLANDEACCION,ECU,PROD_CLK_TRAD,,,,2031,,,,,,
TotalAnnualMinCapacityInvestment,PLANDEACCION,ECU,PROD_CLK_TRAD,,,,2032,,,,,,
TotalAnnualMinCapacityInvestment,PLANDEACCION,ECU,PROD_CLK_TRAD,,,,2033,,,,,,
TotalAnnualMinCapacityInvestment,PLANDEACCION,ECU,PROD_CLK_TRAD,,,,2034,,,,,,
TotalAnnualMinCapacityInvestment,PLANDEACCION,ECU,PROD_CLK_TRAD,,,,2035,,,,,,
TotalAnnualMinCapacityInvestment,PLANDEACCION,ECU,PROD_CLK_TRAD,,,,2036,,,,,,
TotalAnnualMinCapacityInvestment,PLANDEACCION,ECU,PROD_CLK_TRAD,,,,2037,,,,,,
TotalAnnualMinCapacityInvestment,PLANDEACCION,ECU,PROD_CLK_TRAD,,,,2038,,,,,,
TotalAnnualMinCapacityInvestment,PLANDEACCION,ECU,PROD_CLK_TRAD,,,,2039,,,,,,
TotalAnnualMinCapacityInvestment,PLANDEACCION,ECU,PROD_CLK_TRAD,,,,2040,,,,,,
TotalAnnualMinCapacityInvestment,PLANDEACCION,ECU,PROD_CLK_TRAD,,,,2041,,,,,,
TotalAnnualMinCapacityInvestment,PLANDEACCION,ECU,PROD_CLK_TRAD,,,,2042,,,,,,
TotalAnnualMinCapacityInvestment,PLANDEACCION,ECU,PROD_CLK_TRAD,,,,2043,,,,,,
TotalAnnualMinCapacityInvestment,PLANDEACCION,ECU,PROD_CLK_TRAD,,,,2044,,,,,,
TotalAnnualMinCapacityInvestment,PLANDEACCION,ECU,PROD_CLK_TRAD,,,,2045,,,,,,
TotalAnnualMinCapacityInvestment,PLANDEACCION,ECU,PROD_CLK_TRAD,,,,2046,,,,,,
TotalAnnualMinCapacityInvestment,PLANDEACCION,ECU,PROD_CLK_TRAD,,,,2047,,,,,,
TotalAnnualMinCapacityInvestment,PLANDEACCION,ECU,PROD_CLK_TRAD,,,,2048,,,,,,
TotalAnnualMinCapacityInvestment,PLANDEACCION,ECU,PROD_CLK_TRAD,,,,2049,,,,,,
TotalAnnualMinCapacityInvestment,PLANDEACCION,ECU,PROD_CLK_TRAD,,,,2050,,,,,,
TotalAnnualMinCapacityInvestment,PLANDEACCION,ECU,PROD_CLK_TRAD,,,,2051,,,,,,
TotalAnnualMinCapacityInvestment,PLANDEACCION,ECU,PROD_CLK_TRAD,,,,2052,,,,,,
TotalAnnualMinCapacityInvestment,PLANDEACCION,ECU,PROD_CLK_TRAD,,,,2053,,,,,,
TotalAnnualMinCapacityInvestment,PLANDEACCION,ECU,PROD_CLK_TRAD,,,,2054,,,,,,
TotalAnnualMinCapacityInvestment,PLANDEACCION,ECU,PROD_CLK_TRAD,,,,2055,,,,,,
TotalAnnualMinCapacityInvestment,PLANDEACCION,ECU,PROD_CLK_TRAD,,,,2056,,,,,,
TotalAnnualMinCapacityInvestment,PLANDEACCION,ECU,PROD_CLK_TRAD,,,,2057,,,,,,
TotalAnnualMinCapacityInvestment,PLANDEACCION,ECU,PROD_CLK_TRAD,,,,2058,,,,,,
TotalAnnualMinCapacityInvestment,PLANDEACCION,ECU,PROD_CLK_TRAD,,,,2059,,,,,,
TotalAnnualMinCapacityInvestment,PLANDEACCION,ECU,PROD_CLK_TRAD,,,,2060,,,,,,
TotalAnnualMinCapacityInvestment,PLANDEACCION,ECU,PROD_CLK_TRAD,,,,2061,,,,,,
TotalAnnualMinCapacityInvestment,PLANDEACCION,ECU,PROD_CLK_TRAD,,,,2062,,,,,,
TotalAnnualMinCapacityInvestment,PLANDEACCION,ECU,PROD_CLK_TRAD,,,,2063,,,,,,
TotalAnnualMinCapacityInvestment,PLANDEACCION,ECU,PROD_CLK_TRAD,,,,2064,,,,,,
TotalAnnualMinCapacityInvestment,PLANDEACCION,ECU,PROD_CLK_TRAD,,,,2065,,,,,,
TotalAnnualMinCapacityInvestment,PLANDEACCION,ECU,PROD_CLK_TRAD,,,,2066,,,,,,
TotalAnnualMinCapacityInvestment,PLANDEACCION,ECU,PROD_CLK_TRAD,,,,2067,,,,,,
TotalAnnualMinCapacityInvestment,PLANDEACCION,ECU,PROD_CLK_TRAD,,,,2068,,,,,,
TotalAnnualMinCapacityInvestment,PLANDEACCION,ECU,PROD_CLK_TRAD,,,,2069,,,,,,
TotalAnnualMinCapacityInvestment,PLANDEACCION,ECU,PROD_CLK_TRAD,,,,2070,,,,,,
TotalAnnualMinCapacityInvestment,PLANDEACCION,ECU,PROD_CLK_ELEC,,,,2010,,,,,,
TotalAnnualMinCapacityInvestment,PLANDEACCION,ECU,PROD_CLK_ELEC,,,,2011,,,,,,
TotalAnnualMinCapacityInvestment,PLANDEACCION,ECU,PROD_CLK_ELEC,,,,2012,,,,,,
TotalAnnualMinCapacityInvestment,PLANDEACCION,ECU,PROD_CLK_ELEC,,,,2013,,,,,,
TotalAnnualMinCapacityInvestment,PLANDEACCION,ECU,PROD_CLK_ELEC,,,,2014,,,,,,
TotalAnnualMinCapacityInvestment,PLANDEACCION,ECU,PROD_CLK_ELEC,,,,2015,,,,,,
TotalAnnualMinCapacityInvestment,PLANDEACCION,ECU,PROD_CLK_ELEC,,,,2016,,,,,,
TotalAnnualMinCapacityInvestment,PLANDEACCION,ECU,PROD_CLK_ELEC,,,,2017,,,,,,
TotalAnnualMinCapacityInvestment,PLANDEACCION,ECU,PROD_CLK_ELEC,,,,2018,,,,,,
TotalAnnualMinCapacityInvestment,PLANDEACCION,ECU,PROD_CLK_ELEC,,,,2019,,,,,,
TotalAnnualMinCapacityInvestment,PLANDEACCION,ECU,PROD_CLK_ELEC,,,,2020,,,,,,
TotalAnnualMinCapacityInvestment,PLANDEACCION,ECU,PROD_CLK_ELEC,,,,2021,,,,,,
TotalAnnualMinCapacityInvestment,PLANDEACCION,ECU,PROD_CLK_ELEC,,,,2022,,,,,,
TotalAnnualMinCapacityInvestment,PLANDEACCION,ECU,PROD_CLK_ELEC,,,,2023,,,,,,
TotalAnnualMinCapacityInvestment,PLANDEACCION,ECU,PROD_CLK_ELEC,,,,2024,,,,,,
TotalAnnualMinCapacityInvestment,PLANDEACCION,ECU,PROD_CLK_ELEC,,,,2025,,,,,,
TotalAnnualMinCapacityInvestment,PLANDEACCION,ECU,PROD_CLK_ELEC,,,,2026,,,,,,
TotalAnnualMinCapacityInvestment,PLANDEACCION,ECU,PROD_CLK_ELEC,,,,2027,,,,,,
TotalAnnualMinCapacityInvestment,PLANDEACCION,ECU,PROD_CLK_ELEC,,,,2028,,,,,,
TotalAnnualMinCapacityInvestment,PLANDEACCION,ECU,PROD_CLK_ELEC,,,,2029,,,,,,
TotalAnnualMinCapacityInvestment,PLANDEACCION,ECU,PROD_CLK_ELEC,,,,2030,,,,,,
TotalAnnualMinCapacityInvestment,PLANDEACCION,ECU,PROD_CLK_ELEC,,,,2031,,,,,,
TotalAnnualMinCapacityInvestment,PLANDEACCION,ECU,PROD_CLK_ELEC,,,,2032,,,,,,
TotalAnnualMinCapacityInvestment,PLANDEACCION,ECU,PROD_CLK_ELEC,,,,2033,,,,,,
TotalAnnualMinCapacityInvestment,PLANDEACCION,ECU,PROD_CLK_ELEC,,,,2034,,,,,,
TotalAnnualMinCapacityInvestment,PLANDEACCION,ECU,PROD_CLK_ELEC,,,,2035,,,,,,
TotalAnnualMinCapacityInvestment,PLANDEACCION,ECU,PROD_CLK_ELEC,,,,2036,,,,,,
TotalAnnualMinCapacityInvestment,PLANDEACCION,ECU,PROD_CLK_ELEC,,,,2037,,,,,,
TotalAnnualMinCapacityInvestment,PLANDEACCION,ECU,PROD_CLK_ELEC,,,,2038,,,,,,
TotalAnnualMinCapacityInvestment,PLANDEACCION,ECU,PROD_CLK_ELEC,,,,2039,,,,,,
TotalAnnualMinCapacityInvestment,PLANDEACCION,ECU,PROD_CLK_ELEC,,,,2040,,,,,,
TotalAnnualMinCapacityInvestment,PLANDEACCION,ECU,PROD_CLK_ELEC,,,,2041,,,,,,
TotalAnnualMinCapacityInvestment,PLANDEACCION,ECU,PROD_CLK_ELEC,,,,2042,,,,,,
TotalAnnualMinCapacityInvestment,PLANDEACCION,ECU,PROD_CLK_ELEC,,,,2043,,,,,,
TotalAnnualMinCapacityInvestment,PLANDEACCION,ECU,PROD_CLK_ELEC,,,,2044,,,,,,
TotalAnnualMinCapacityInvestment,PLANDEACCION,ECU,PROD_CLK_ELEC,,,,2045,,,,,,
TotalAnnualMinCapacityInvestment,PLANDEACCION,ECU,PROD_CLK_ELEC,,,,2046,,,,,,
TotalAnnualMinCapacityInvestment,PLANDEACCION,ECU,PROD_CLK_ELEC,,,,2047,,,,,,
TotalAnnualMinCapacityInvestment,PLANDEACCION,ECU,PROD_CLK_ELEC,,,,2048,,,,,,
TotalAnnualMinCapacityInvestment,PLANDEACCION,ECU,PROD_CLK_ELEC,,,,2049,,,,,,
TotalAnnualMinCapacityInvestment,PLANDEACCION,ECU,PROD_CLK_ELEC,,,,2050,,,,,,
TotalAnnualMinCapacityInvestment,PLANDEACCION,ECU,PROD_CLK_ELEC,,,,2051,,,,,,
TotalAnnualMinCapacityInvestment,PLANDEACCION,ECU,PROD_CLK_ELEC,,,,2052,,,,,,
TotalAnnualMinCapacityInvestment,PLANDEACCION,ECU,PROD_CLK_ELEC,,,,2053,,,,,,
TotalAnnualMinCapacityInvestment,PLANDEACCION,ECU,PROD_CLK_ELEC,,,,2054,,,,,,
TotalAnnualMinCapacityInvestment,PLANDEACCION,ECU,PROD_CLK_ELEC,,,,2055,,,,,,
TotalAnnualMinCapacityInvestment,PLANDEACCION,ECU,PROD_CLK_ELEC,,,,2056,,,,,,
TotalAnnualMinCapacityInvestment,PLANDEACCION,ECU,PROD_CLK_ELEC,,,,2057,,,,,,
TotalAnnualMinCapacityInvestment,PLANDEACCION,ECU,PROD_CLK_ELEC,,,,2058,,,,,,
TotalAnnualMinCapacityInvestment,PLANDEACCION,ECU,PROD_CLK_ELEC,,,,2059,,,,,,
TotalAnnualMinCapacityInvestment,PLANDEACCION,ECU,PROD_CLK_ELEC,,,,2060,,,,,,
TotalAnnualMinCapacityInvestment,PLANDEACCION,ECU,PROD_CLK_ELEC,,,,2061,,,,,,
TotalAnnualMinCapacityInvestment,PLANDEACCION,ECU,PROD_CLK_ELEC,,,,2062,,,,,,
TotalAnnualMinCapacityInvestment,PLANDEACCION,ECU,PROD_CLK_ELEC,,,,2063,,,,,,
TotalAnnualMinCapacityInvestment,PLANDEACCION,ECU,PROD_CLK_ELEC,,,,2064,,,,,,
TotalAnnualMinCapacityInvestment,PLANDEACCION,ECU,PROD_CLK_ELEC,,,,2065,,,,,,
TotalAnnualMinCapacityInvestment,PLANDEACCION,ECU,PROD_CLK_ELEC,,,,2066,,,,,,
TotalAnnualMinCapacityInvestment,PLANDEACCION,ECU,PROD_CLK_ELEC,,,,2067,,,,,,
TotalAnnualMinCapacityInvestment,PLANDEACCION,ECU,PROD_CLK_ELEC,,,,2068,,,,,,
TotalAnnualMinCapacityInvestment,PLANDEACCION,ECU,PROD_CLK_ELEC,,,,2069,,,,,,
TotalAnnualMinCapacityInvestment,PLANDEACCION,ECU,PROD_CLK_ELEC,,,,2070,,,,,,
TotalAnnualMinCapacityInvestment,PLANDEACCION,ECU,PROD_CEM,,,,2010,,,,,,
TotalAnnualMinCapacityInvestment,PLANDEACCION,ECU,PROD_CEM,,,,2011,,,,,,
TotalAnnualMinCapacityInvestment,PLANDEACCION,ECU,PROD_CEM,,,,2012,,,,,,
TotalAnnualMinCapacityInvestment,PLANDEACCION,ECU,PROD_CEM,,,,2013,,,,,,
TotalAnnualMinCapacityInvestment,PLANDEACCION,ECU,PROD_CEM,,,,2014,,,,,,
TotalAnnualMinCapacityInvestment,PLANDEACCION,ECU,PROD_CEM,,,,2015,,,,,,
TotalAnnualMinCapacityInvestment,PLANDEACCION,ECU,PROD_CEM,,,,2016,,,,,,
TotalAnnualMinCapacityInvestment,PLANDEACCION,ECU,PROD_CEM,,,,2017,,,,,,
TotalAnnualMinCapacityInvestment,PLANDEACCION,ECU,PROD_CEM,,,,2018,,,,,,
TotalAnnualMinCapacityInvestment,PLANDEACCION,ECU,PROD_CEM,,,,2019,,,,,,
TotalAnnualMinCapacityInvestment,PLANDEACCION,ECU,PROD_CEM,,,,2020,,,,,,
TotalAnnualMinCapacityInvestment,PLANDEACCION,ECU,PROD_CEM,,,,2021,,,,,,
TotalAnnualMinCapacityInvestment,PLANDEACCION,ECU,PROD_CEM,,,,2022,,,,,,
TotalAnnualMinCapacityInvestment,PLANDEACCION,ECU,PROD_CEM,,,,2023,,,,,,
TotalAnnualMinCapacityInvestment,PLANDEACCION,ECU,PROD_CEM,,,,2024,,,,,,
TotalAnnualMinCapacityInvestment,PLANDEACCION,ECU,PROD_CEM,,,,2025,,,,,,
TotalAnnualMinCapacityInvestment,PLANDEACCION,ECU,PROD_CEM,,,,2026,,,,,,
TotalAnnualMinCapacityInvestment,PLANDEACCION,ECU,PROD_CEM,,,,2027,,,,,,
TotalAnnualMinCapacityInvestment,PLANDEACCION,ECU,PROD_CEM,,,,2028,,,,,,
TotalAnnualMinCapacityInvestment,PLANDEACCION,ECU,PROD_CEM,,,,2029,,,,,,
TotalAnnualMinCapacityInvestment,PLANDEACCION,ECU,PROD_CEM,,,,2030,,,,,,
TotalAnnualMinCapacityInvestment,PLANDEACCION,ECU,PROD_CEM,,,,2031,,,,,,
TotalAnnualMinCapacityInvestment,PLANDEACCION,ECU,PROD_CEM,,,,2032,,,,,,
TotalAnnualMinCapacityInvestment,PLANDEACCION,ECU,PROD_CEM,,,,2033,,,,,,
TotalAnnualMinCapacityInvestment,PLANDEACCION,ECU,PROD_CEM,,,,2034,,,,,,
TotalAnnualMinCapacityInvestment,PLANDEACCION,ECU,PROD_CEM,,,,2035,,,,,,
TotalAnnualMinCapacityInvestment,PLANDEACCION,ECU,PROD_CEM,,,,2036,,,,,,
TotalAnnualMinCapacityInvestment,PLANDEACCION,ECU,PROD_CEM,,,,2037,,,,,,
TotalAnnualMinCapacityInvestment,PLANDEACCION,ECU,PROD_CEM,,,,2038,,,,,,
TotalAnnualMinCapacityInvestment,PLANDEACCION,ECU,PROD_CEM,,,,2039,,,,,,
TotalAnnualMinCapacityInvestment,PLANDEACCION,ECU,PROD_CEM,,,,2040,,,,,,
TotalAnnualMinCapacityInvestment,PLANDEACCION,ECU,PROD_CEM,,,,2041,,,,,,
TotalAnnualMinCapacityInvestment,PLANDEACCION,ECU,PROD_CEM,,,,2042,,,,,,
TotalAnnualMinCapacityInvestment,PLANDEACCION,ECU,PROD_CEM,,,,2043,,,,,,
TotalAnnualMinCapacityInvestment,PLANDEACCION,ECU,PROD_CEM,,,,2044,,,,,,
TotalAnnualMinCapacityInvestment,PLANDEACCION,ECU,PROD_CEM,,,,2045,,,,,,
TotalAnnualMinCapacityInvestment,PLANDEACCION,ECU,PROD_CEM,,,,2046,,,,,,
TotalAnnualMinCapacityInvestment,PLANDEACCION,ECU,PROD_CEM,,,,2047,,,,,,
TotalAnnualMinCapacityInvestment,PLANDEACCION,ECU,PROD_CEM,,,,2048,,,,,,
TotalAnnualMinCapacityInvestment,PLANDEACCION,ECU,PROD_CEM,,,,2049,,,,,,
TotalAnnualMinCapacityInvestment,PLANDEACCION,ECU,PROD_CEM,,,,2050,,,,,,
TotalAnnualMinCapacityInvestment,PLANDEACCION,ECU,PROD_CEM,,,,2051,,,,,,
TotalAnnualMinCapacityInvestment,PLANDEACCION,ECU,PROD_CEM,,,,2052,,,,,,
TotalAnnualMinCapacityInvestment,PLANDEACCION,ECU,PROD_CEM,,,,2053,,,,,,
TotalAnnualMinCapacityInvestment,PLANDEACCION,ECU,PROD_CEM,,,,2054,,,,,,
TotalAnnualMinCapacityInvestment,PLANDEACCION,ECU,PROD_CEM,,,,2055,,,,,,
TotalAnnualMinCapacityInvestment,PLANDEACCION,ECU,PROD_CEM,,,,2056,,,,,,
TotalAnnualMinCapacityInvestment,PLANDEACCION,ECU,PROD_CEM,,,,2057,,,,,,
TotalAnnualMinCapacityInvestment,PLANDEACCION,ECU,PROD_CEM,,,,2058,,,,,,
TotalAnnualMinCapacityInvestment,PLANDEACCION,ECU,PROD_CEM,,,,2059,,,,,,
TotalAnnualMinCapacityInvestment,PLANDEACCION,ECU,PROD_CEM,,,,2060,,,,,,
TotalAnnualMinCapacityInvestment,PLANDEACCION,ECU,PROD_CEM,,,,2061,,,,,,
TotalAnnualMinCapacityInvestment,PLANDEACCION,ECU,PROD_CEM,,,,2062,,,,,,
TotalAnnualMinCapacityInvestment,PLANDEACCION,ECU,PROD_CEM,,,,2063,,,,,,
TotalAnnualMinCapacityInvestment,PLANDEACCION,ECU,PROD_CEM,,,,2064,,,,,,
TotalAnnualMinCapacityInvestment,PLANDEACCION,ECU,PROD_CEM,,,,2065,,,,,,
TotalAnnualMinCapacityInvestment,PLANDEACCION,ECU,PROD_CEM,,,,2066,,,,,,
TotalAnnualMinCapacityInvestment,PLANDEACCION,ECU,PROD_CEM,,,,2067,,,,,,
TotalAnnualMinCapacityInvestment,PLANDEACCION,ECU,PROD_CEM,,,,2068,,,,,,
TotalAnnualMinCapacityInvestment,PLANDEACCION,ECU,PROD_CEM,,,,2069,,,,,,
TotalAnnualMinCapacityInvestment,PLANDEACCION,ECU,PROD_CEM,,,,2070,,,,,,
